timestep,day,hour_of_day,is_night,p_load_mw,p_solar_mw,p_battery_mw,p_grid_mw,soc,v_min,v_min_measured,v_max,v_mean,line_loading_max,p_loss_mw,converged,v_margin,severity,blackout,risk_score,p_load_lag_1,p_solar_lag_1,p_load_lag_2,p_solar_lag_2,p_load_lag_3,p_solar_lag_3
3,0,3,1,1.6264305476685268,0.0,0.018992769039760875,1.607437778628766,0.17498641938915507,0.9650143461147214,0.9720112608897354,1.0,0.9787685838147466,22.101011658793162,0.0347583409808728,1,0.035014,NORMAL,0,0.07442139085242469,1.6118833090527809,0.0,1.620765206051201,0.0,1.686109093201587,0.0
4,0,4,1,1.5870262522941554,0.0,0.006248665185724065,1.5807775871084313,0.16216401222354648,0.9649927497086145,0.9714429198179778,1.0,0.979041334608227,21.68135076452495,0.03368548556738005,1,0.034993,NORMAL,0,0.07680468436362453,1.6264305476685268,0.0,1.6118833090527809,0.0,1.620765206051201,0.0
5,0,5,1,1.592392367465301,0.0,0.0051801593416249255,1.5872122081236761,0.1515341904201939,0.9647911007390133,0.9565082880711198,1.0,0.9789455466672394,21.767673620032525,0.03397823906355106,1,0.034791,NORMAL,0,0.169313944024811,1.5870262522941554,0.0,1.6264305476685268,0.0,1.6118833090527809,0.0
6,0,6,0,1.6731650777914528,0.136443116542952,0.004294366219154609,1.5324275950293462,0.14272202979296839,0.9660838575935403,0.9721817645177323,1.0,0.9806452784836032,21.518730773573722,0.03148174324858667,1,0.036084,NORMAL,0,0.07371976515907863,1.592392367465301,0.0,1.5870262522941554,0.0,1.6264305476685268,0.0
7,0,7,0,1.722371561197979,0.4654763195263731,0.003560041952413302,1.2533351997191926,0.13541671683884796,0.9695348398031637,0.9822670818014353,1.0,0.9864684686203556,19.172464702766945,0.029573921973521884,1,0.039535,NORMAL,0,0.04164548098758275,1.6731650777914528,0.136443116542952,1.592392367465301,0.0,1.5870262522941554,0.0
8,0,8,0,1.756207370586111,0.9939965713679252,0.0029512854670464637,0.7592595137511393,0.12936058604241665,0.9755002115185181,0.9857947097230034,1.0274855968735401,0.9956477874523441,15.879097199400036,0.05371268668293787,1,0.0455,NORMAL,0,0.033971132961729135,1.722371561197979,0.4654763195263731,1.6731650777914528,0.136443116542952,1.592392367465301,0.0
9,0,9,0,1.806699214100564,1.3443515706450235,0.0024466248186146857,0.4599010186369258,0.12434003176174115,0.9785099561872574,0.9746075488879667,1.0473934401106935,1.0009049264844903,14.947188102736863,0.08718396151152287,1,0.04851,NORMAL,0,0.06437719622740949,1.756207370586111,0.9939965713679252,1.722371561197979,0.4654763195263731,1.6731650777914528,0.136443116542952
10,0,10,0,1.798860599454576,1.562877764344306,0.002028259783682107,0.2339545753265881,0.12017797414897256,0.9811058496100544,0.9810247716602972,1.0600828415080266,1.004522528536495,16.363022669090014,0.11374622407964353,1,0.051106,NORMAL,0,0.04472415953334362,1.806699214100564,1.3443515706450235,1.756207370586111,0.9939965713679252,1.722371561197979,0.4654763195263731
11,0,11,0,1.7706154954223898,1.812247574505191,0.0,-0.04163207908280109,0.12017797414897256,0.9843487461690394,0.9902897221687131,1.0743924687595223,1.0087225301138236,18.776830238237274,0.14937678323806158,1,0.054349,NORMAL,0,0.02615063072929472,1.798860599454576,1.562877764344306,1.806699214100564,1.3443515706450235,1.756207370586111,0.9939965713679252
12,0,12,0,1.8038018839254444,2.0679632714708243,-0.1153635158770609,-0.14879787166831898,0.3450714089265356,0.9850988905463535,0.9891161696545699,1.0813362981513355,1.0104212956356438,20.127539881173725,0.17210879691036268,1,0.055099,NORMAL,0,0.028004929647544287,1.7706154954223898,1.812247574505191,1.798860599454576,1.562877764344306,1.806699214100564,1.3443515706450235
13,0,13,0,1.762982327457007,1.6757036666201497,0.012989162779219342,0.07428949805763786,0.3184165974224954,0.9832049560397746,0.9967600390795244,1.067739005278325,1.0069191240088817,17.576592840048143,0.13075901271229967,1,0.053205,NORMAL,0,0.0178875241423241,1.8038018839254444,2.0679632714708243,1.7706154954223898,1.812247574505191,1.798860599454576,1.562877764344306
14,0,14,0,1.7719181353201643,2.103222531424428,-0.07783097532863349,-0.2534734207756304,0.4701466792456187,0.9865111561718672,0.9760369692611223,1.0858460385420927,1.0119010200748721,20.81627587988771,0.18460242013619801,1,0.056511,NORMAL,0,0.059400312182161095,1.762982327457007,1.6757036666201497,1.8038018839254444,2.0679632714708243,1.7706154954223898,1.812247574505191
15,0,15,0,1.794053637857348,1.462204596812837,0.060192086093521946,0.271656954950989,0.3466254516963185,0.980742312714675,0.9748412648911414,1.0577686185924033,1.0039080103016438,15.941924818076417,0.1081517298055383,1,0.050742,NORMAL,0,0.06353769647854493,1.7719181353201643,2.103222531424428,1.762982327457007,1.6757036666201497,1.8038018839254444,2.0679632714708243
16,0,16,0,1.7978494303025452,1.0450162441128843,0.04110051535010214,0.7117326708395587,0.26228132685843664,0.9756709616582021,0.9739189258696537,1.0320612667133389,0.9966460289113999,15.927233874477082,0.06155832558342281,1,0.045671,NORMAL,0,0.06691110346541762,1.794053637857348,1.462204596812837,1.7719181353201643,2.103222531424428,1.762982327457007,1.6757036666201497
17,0,17,0,1.8352149242140183,0.3673824394210302,0.02704420755591116,1.4407882772370768,0.2067822840902996,0.9660496902771823,0.9622479759362399,1.0,0.9835128318231052,21.377408774997903,0.03320463922226209,1,0.03605,NORMAL,0,0.12621158030709076,1.7978494303025452,1.0450162441128843,1.794053637857348,1.462204596812837,1.7719181353201643,2.103222531424428
18,0,18,0,1.9514231249767824,0.0232950992532787,0.017795184950114434,1.9103328407733893,0.17026351346934815,0.9584391320015557,0.96206128810832,1.0,0.9747583554248272,26.446917529145598,0.04948466081197249,1,0.028439,NORMAL,0,0.12745206197215367,1.8352149242140183,0.3673824394210302,1.7978494303025452,1.0450162441128843,1.794053637857348,1.462204596812837
19,0,19,0,1.9384509019976583,0.0,0.005854658670552963,1.9325962433271053,0.15824870617584902,0.9568070564916665,0.9587681403625314,1.0,0.974191632037241,26.634923572767494,0.05102618377665536,1,0.026807,NORMAL,0,0.1510885976062736,1.9514231249767824,0.0232950992532787,1.8352149242140183,0.3673824394210302,1.7978494303025452,1.0450162441128843
20,0,20,1,1.9251908892958327,0.0,0.004853527329355635,1.920337361966477,0.14828838758028404,0.9570430035646454,0.9655602738701058,1.0,0.9743542654854436,26.457831351430734,0.05036910885042161,1,0.027043,NORMAL,0,0.10587216018737525,1.9384509019976583,0.0,1.9514231249767824,0.0232950992532787,1.8352149242140183,0.3673824394210302
21,0,21,1,1.9046928757688344,0.0,0.00402358765942917,1.9006692881094052,0.14003124752787252,0.9574605657063693,0.9644382973113852,1.0,0.9746207651118066,26.17659439968486,0.049315538477793464,1,0.027461,NORMAL,0,0.11241590520948007,1.9251908892958327,0.0,1.9384509019976583,0.0,1.9514231249767824,0.0232950992532787
22,0,22,1,1.819102010510584,0.0,0.003335565932183808,1.8157664445784,0.13318604863277927,0.9594052588477258,0.9506290026528498,1.0,0.9757901455208273,24.97471823349815,0.04487191976305072,1,0.029405,NORMAL,0,0.22482958867741815,1.9046928757688344,0.0,1.9251908892958327,0.0,1.9384509019976583,0.0
23,0,23,1,1.7179956534337018,0.0,0.0027651942994123928,1.7152304591342893,0.1275113540513665,0.9617114215664456,0.9538314502030762,1.0,0.9771715722721679,23.5563628096803,0.039896018815175655,1,0.031711,NORMAL,0,0.19311628965399677,1.819102010510584,0.0,1.9046928757688344,0.0,1.9251908892958327,0.0
24,1,0,1,1.6833161661778056,0.0,0.0022923547500068955,1.6810238114277987,0.12280701176915779,0.9624798991131397,0.9566391018136646,1.0,0.9776383155530183,23.07375260000898,0.03827664048679738,1,0.03248,NORMAL,0,0.16821289591771293,1.7179956534337018,0.0,1.819102010510584,0.0,1.9046928757688344,0.0
25,1,1,1,1.6052125875323895,0.0,0.0019003694644392057,1.6033122180679502,0.11890709504400658,0.9642558956465277,0.9620493435727935,1.0,0.9787013344630904,21.98159247395801,0.034723112863138075,1,0.034256,NORMAL,0,0.12753178295250747,1.6833161661778056,0.0,1.7179956534337018,0.0,1.819102010510584,0.0
26,1,2,1,1.5924799730665056,0.0,0.0015754125280586899,1.5909045605384469,0.11567405000801204,0.9645258111862691,0.9667520312791623,1.0,0.9788688561417285,21.80650932903815,0.03417523310302351,1,0.034526,NORMAL,0,0.09929148487755422,1.6052125875323895,0.0,1.6833161661778056,0.0,1.7179956534337018,0.0
27,1,3,1,1.5937540355012283,0.0,0.001306022247535783,1.5924480132536925,0.11299384400839195,0.9644767494116072,0.9574338448705478,1.0,0.9788457713971603,21.827178104538582,0.0342461318051854,1,0.034477,NORMAL,0,0.16164613475369158,1.5924799730665056,0.0,1.6052125875323895,0.0,1.6833161661778056,0.0
28,1,4,1,1.616982166928908,0.0,0.0010826968650987415,1.6158994700638092,0.1107719435645617,0.9639245149011438,0.9688537281070763,1.0,0.9785229635038298,22.155176291730324,0.03529491359465594,1,0.033925,NORMAL,0,0.08856983115776537,1.5937540355012283,0.0,1.5924799730665056,0.0,1.6052125875323895,0.0
29,1,5,1,1.8107549425595115,0.0,0.0008975594080702288,1.8098573831514413,0.10892998008004115,0.9594198776717986,0.9647970083587937,1.0,0.9758538175310401,24.882694905712114,0.044597781259610836,1,0.02942,NORMAL,0,0.11028625213719165,1.616982166928908,0.0,1.5937540355012283,0.0,1.5924799730665056,0.0
30,1,6,0,2.305848715427277,0.1310722760451508,0.0007440798505993486,2.1740323595315267,0.1074029857055955,0.9517893922176524,0.9579406070563874,1.0,0.9717430313292397,30.533235460621277,0.06443845978567093,1,0.021789,NORMAL,0,0.15756792198823022,1.8107549425595115,0.0,1.616982166928908,0.0,1.5937540355012283,0.0
31,1,7,0,2.670522644466037,0.5547771327826057,0.0006168447865737546,2.1151286668968576,0.10613710185980603,0.9495848195236738,0.9522226302049824,1.0,0.9752733096983883,31.60290262570563,0.07225228457301922,1,0.019585,NORMAL,0,0.20860448609772328,2.305848715427277,0.1310722760451508,1.8107549425595115,0.0,1.616982166928908,0.0
32,1,8,0,2.9160440904922997,1.259521841722302,0.0005113664888963934,1.6560108822811013,0.10508767958435561,0.9531856490693578,0.959346451259859,1.0190029224676789,0.9848860792670758,29.49011778979294,0.10995781936689525,1,0.023186,NORMAL,0,0.146691791545259,2.670522644466037,0.5547771327826057,2.305848715427277,0.1310722760451508,1.8107549425595115,0.0
33,1,9,0,3.385087977355907,1.4973607140762335,0.00042392461980544205,1.8873033386598679,0.10421770473170654,0.9454593830979564,0.9456140970380105,1.0232893489909285,0.9826334994343147,34.31863240129673,0.15263023377701584,1,0.015459,NORMAL,0,0.2815379118671581,2.9160440904922997,1.259521841722302,2.670522644466037,0.5547771327826057,2.305848715427277,0.1310722760451508
34,1,10,0,3.4858039201713447,1.8963639420526637,0.000351435008755248,1.5890885431099258,0.10349649244000353,0.9477737872933316,0.9446032564060267,1.0442514218555068,0.9878013983390526,33.4081373643547,0.20171125330420647,1,0.017774,NORMAL,0,0.2939668086610007,3.385087977355907,1.4973607140762335,2.9160440904922997,1.259521841722302,2.670522644466037,0.5547771327826057
35,1,11,0,3.474366118756987,1.866175037794957,0.0002913408692163465,1.6078997400928137,0.10289860484805803,0.9476945591845775,0.9425009381731676,1.0427842541881573,0.9874739570960991,33.410477611493945,0.19729018206931404,1,0.017695,NORMAL,0,0.3208090355541288,3.4858039201713447,1.8963639420526637,3.385087977355907,1.4973607140762335,2.9160440904922997,1.259521841722302
36,1,12,0,3.5439747138379865,2.241235272456679,0.00024152261729207397,1.3024979187640153,0.10240295387716526,0.950193218921751,0.9568606309365991,1.0620077249524331,0.9923458843969029,32.63319163697223,0.25451021753507364,1,0.020193,NORMAL,0,0.16636134294344712,3.474366118756987,1.866175037794957,3.4858039201713447,1.8963639420526637,3.385087977355907,1.4973607140762335
37,1,13,0,3.4325305904110803,2.050381477138992,0.0002002231112200845,1.381948890160868,0.10199205743399349,0.9506628605529334,0.9413252717506452,1.0539162672528717,0.9909142859643882,31.995770074005215,0.22054099776021718,1,0.020663,NORMAL,0,0.3363692668480497,3.5439747138379865,2.241235272456679,3.474366118756987,1.866175037794957,3.4858039201713447,1.8963639420526637
38,1,14,0,3.432462607309395,1.7410278990300216,0.0001659856747825163,1.6912687226045908,0.10165142280009555,0.9472257178224708,0.9468708854640119,1.036523211286523,0.9860222924547206,33.51894184459557,0.18010515608539984,1,0.017226,NORMAL,0,0.26653914158448805,3.4325305904110803,2.050381477138992,3.5439747138379865,2.241235272456679,3.474366118756987,1.866175037794957
39,1,15,0,3.4334262424907243,1.2969019165906976,0.00013760271858089952,2.1363867231814457,0.10136903545958924,0.9419139958869722,0.9412564731721709,1.0100963954692506,0.9785269652790406,36.32834454510838,0.13959119579946258,1,0.011914,NORMAL,0,0.33729134204915867,3.432462607309395,1.7410278990300216,3.4325305904110803,2.050381477138992,3.5439747138379865,2.241235272456679
40,1,16,0,3.442885903533522,0.6500235474671537,0.00011407314695056912,2.7927482829194177,0.10113493533545999,0.9331162456457956,0.9392107300132901,1.0,0.9663545535787068,41.76047974597849,0.12411720100400497,1,0.003116,MODERATE,0,0.3652512447992479,3.4334262424907243,1.2969019165906976,3.432462607309395,1.7410278990300216,3.4325305904110803,2.050381477138992
41,1,17,0,3.4894761309772364,0.323624709515272,9.456704818224623e-05,3.165756854413782,0.10094086548792691,0.9272102306646662,0.9354062642091848,1.0,0.958982600850442,45.65612005287703,0.14335593947625824,1,-0.00279,HIGH,0,0.419609690793757,3.442885903533522,0.6500235474671537,3.4334262424907243,1.2969019165906976,3.432462607309395,1.7410278990300216
42,1,18,0,3.597223830240707,0.030500741007798,7.839642261803613e-05,3.5666446928102906,0.10077998088412074,0.9184952250473883,0.9089906220272491,1.0,0.9509222870352064,50.47088735501289,0.18486812571138347,1,-0.011505,CRITICAL,1,0.7791229545192179,3.4894761309772364,0.323624709515272,3.442885903533522,0.6500235474671537,3.4334262424907243,1.2969019165906976
43,1,19,0,3.5023765905761377,0.0,6.499091615780798e-05,3.50231159965998,0.10064660696709606,0.9184697720096924,0.909388964928919,1.0,0.9516308980906285,49.408537142575945,0.17853094996475496,1,-0.01153,CRITICAL,1,0.7749824708375339,3.597223830240707,0.030500741007798,3.4894761309772364,0.323624709515272,3.442885903533522,0.6500235474671537
44,1,20,1,3.3902157909177197,0.0,5.387770326245516e-05,3.3901619132144574,0.10053603950867139,0.9212810377308025,0.9290196032006643,1.0,0.9532918597524884,47.73989385228471,0.16650393031378224,1,-0.008719,HIGH,1,0.5147017129460951,3.5023765905761377,0.0,3.597223830240707,0.030500741007798,3.4894761309772364,0.323624709515272
45,1,21,1,3.2831946734094237,0.0,4.466480990065958e-05,3.283150008599523,0.10044437868671152,0.9239492623856101,0.9198831248155925,1.0,0.9548687669603845,46.15378975818366,0.15547210703029246,1,-0.006051,HIGH,1,0.6472590146428119,3.3902157909177197,0.0,3.5023765905761377,0.0,3.597223830240707,0.030500741007798
46,1,22,1,2.96416131832093,0.0,3.70272882182126e-05,2.9641242910327117,0.10036839153459584,0.9318239901809611,0.9261247949053597,1.0,0.9595249892234657,41.45979505751631,0.12509695453694542,1,0.001824,MODERATE,1,0.5578676079349673,3.2831946734094237,0.0,3.3902157909177197,0.0,3.5023765905761377,0.0
47,1,23,1,2.392239438907406,0.0,3.0695755293552904e-05,2.3922087431521124,0.10030539791133138,0.9456520985186557,0.9486190738699954,1.0,0.9677110272056386,33.168629842773456,0.07966870063352836,1,0.015652,NORMAL,0,0.24654134614146148,2.96416131832093,0.0,3.2831946734094237,0.0,3.3902157909177197,0.0
48,2,0,1,1.9569916233522835,0.0,2.5446891727886664e-05,1.9569661764605557,0.10025317597036504,0.955941515423735,0.9604508114874188,1.0,0.9738101859267876,26.959480202328667,0.05244104267829865,1,0.025942,NORMAL,0,0.13859023377981125,2.392239438907406,0.0,2.96416131832093,0.0,3.2831946734094237,0.0
49,2,1,1,1.6807133700370662,0.0,2.1095564944264144e-05,1.680692274472122,0.10020988379288792,0.9623736167362006,0.9516244569413573,1.0,0.9776262895555521,23.061000608443614,0.03828459182012679,1,0.032374,NORMAL,0,0.214591555159865,1.9569916233522835,0.0,2.392239438907406,0.0,2.96416131832093,0.0
50,2,2,1,1.6229830251176176,0.0,1.7488299375574182e-05,1.622965536818242,0.10017399442156183,0.9637080475210364,0.9650050514066864,1.0,0.9784183775872087,22.25048915593797,0.03562419286075835,1,0.033708,NORMAL,0,0.10906736648663164,1.6807133700370662,0.0,1.9569916233522835,0.0,2.392239438907406,0.0
51,2,3,1,1.611892173129707,0.0,1.4497863227848647e-05,1.611877675266479,0.10014424200324416,0.963963876545607,0.9657166405452353,1.0,0.9785702960811468,22.09496113853459,0.03512483804587401,1,0.033964,NORMAL,0,0.10498730798166224,1.6229830251176176,0.0,1.6807133700370662,0.0,1.9569916233522835,0.0
52,2,4,1,1.6212599940715642,0.0,1.2018780888208568e-05,1.6212479752906759,0.10011957714111251,0.9637474336524011,0.9625784391673498,1.0,0.9784418783423887,22.226375938615345,0.03554664631614021,1,0.033747,NORMAL,0,0.12404108475425354,1.611892173129707,0.0,1.6229830251176176,0.0,1.6807133700370662,0.0
53,2,5,1,1.7905836384230558,0.0,9.96361269533774e-06,1.7905736748103604,0.1000991298814149,0.9598237353619472,0.9587751969309928,1.0,0.9761134507245102,24.607592872151212,0.04363116324711378,1,0.029824,NORMAL,0,0.15103430074714178,1.6212599940715642,0.0,1.611892173129707,0.0,1.6229830251176176,0.0
54,2,6,0,2.261770987105019,0.0858577627098065,8.25987085611649e-06,2.175904964524356,0.10008217902935215,0.9521044042823078,0.95635115030217,1.0,0.9713883334830017,30.38404649149719,0.06459539736977556,1,0.022104,NORMAL,0,0.17064413626362457,1.7905836384230558,0.0,1.6212599940715642,0.0,1.611892173129707,0.0
55,2,7,0,2.612593559185361,0.6481288703550243,6.847462729608958e-06,1.964457841367607,0.10006812671183371,0.9521634999818906,0.9381411191491014,1.0,0.9778633746854745,29.968212193476635,0.06906305849786615,1,0.022163,NORMAL,0,0.3802547346150902,2.261770987105019,0.0858577627098065,1.7905836384230558,0.0,1.6212599940715642,0.0
56,2,8,0,2.944881738433621,1.3726034071049786,5.676571300416605e-06,1.572272654757342,0.10005647728991035,0.9538963917169311,0.9650884250001948,1.0251942698969856,0.986429174583535,29.158166659758884,0.1204066658916266,1,0.023896,NORMAL,0,0.10858222313910357,2.612593559185361,0.6481288703550243,2.261770987105019,0.0858577627098065,1.7905836384230558,0.0
57,2,9,0,3.351426159871722,1.935680272261003,4.705898083550845e-06,1.4157411817126355,0.10004681987710494,0.9512320765366538,0.9520901518253748,1.0492266306585816,0.9902026948715027,31.46792697563748,0.2009185500814505,1,0.021232,NORMAL,0,0.2099197662922482,2.944881738433621,1.3726034071049786,2.612593559185361,0.6481288703550243,2.261770987105019,0.0858577627098065
58,2,10,0,3.369945366097737,2.4283416741516253,3.9012064863089435e-06,0.9415997907396254,0.10003881384704545,0.9560095442498034,0.9547390850575295,1.0754315332900062,0.9973900725910747,29.873350523453635,0.2799788953610084,1,0.02601,NORMAL,0,0.18477201396198834,3.351426159871722,1.935680272261003,2.944881738433621,1.3726034071049786,2.612593559185361,0.6481288703550243
59,2,11,0,3.3538192629149046,2.744835381966187,3.2341142500585472e-06,0.6089806468344677,0.1000321768192405,0.9594795629058631,0.95714325600561,1.0919480918493139,1.0020880618880152,29.01624144445028,0.3409490026060186,1,0.02948,NORMAL,0,0.1640228736464546,3.369945366097737,2.4283416741516253,3.351426159871722,1.935680272261003,2.944881738433621,1.3726034071049786
60,2,12,0,3.379987108584555,2.211291679789111,2.681092380157653e-06,1.168692747703064,0.10002667469924388,0.9535515577953483,0.951211341989082,1.063730246482071,0.9940533325641451,30.690026394459696,0.24315416849981414,1,0.023552,NORMAL,0,0.2187987367031853,3.3538192629149046,2.744835381966187,3.369945366097737,2.4283416741516253,3.351426159871722,1.935680272261003
61,2,13,0,3.4392374134490358,1.828849253566541,2.222635255271079e-06,1.6103859372472396,0.10002211342191511,0.9480663528105646,0.9649169378903556,1.0413881410161,0.9873431944839656,33.140539030295876,0.19091539130683538,1,0.018066,NORMAL,0,0.109582157534891,3.379987108584555,2.211291679789111,3.3538192629149046,2.744835381966187,3.369945366097737,2.4283416741516253
62,2,14,0,3.39706933444057,1.6586678693811892,1.8425726450152355e-06,1.738399622486736,0.10001833210655255,0.9470778400497857,0.948135605071228,1.0324993608543187,0.9851501748515498,33.50986718746709,0.1691759495585336,1,0.017078,NORMAL,0,0.25196938687947495,3.4392374134490358,1.828849253566541,3.379987108584555,2.211291679789111,3.3538192629149046,2.744835381966187
63,2,15,0,3.4483135800853697,1.6807586718186556,1.5274993701164734e-06,1.767553380767344,0.10001519738247404,0.9461719275745858,0.9460394736471763,1.032698882223334,0.9848242783937664,34.07053416351455,0.17412858657191504,1,0.016172,NORMAL,0,0.2764042486441682,3.39706933444057,1.6586678693811892,3.4392374134490358,1.828849253566541,3.379987108584555,2.211291679789111
64,2,16,0,3.491945866996574,1.1188598407256627,1.2663024886253426e-06,2.373084759968423,0.10001259868490292,0.938313363874971,0.9272345801938849,1.0,0.9745495204648366,38.468111373005854,0.13352734550473017,1,0.008313,MODERATE,1,0.5413863893282685,3.4483135800853697,1.6807586718186556,3.39706933444057,1.6586678693811892,3.4392374134490358,1.828849253566541
65,2,17,0,3.5251526159965363,0.3504327298594146,1.0497693315990623e-06,3.17471883636779,0.1000104443552404,0.9267707399281139,0.9296280245310009,1.0,0.959034027168378,45.90226791912719,0.1447713130092577,1,-0.003229,HIGH,1,0.5055794004375328,3.491945866996574,1.1188598407256627,3.4483135800853697,1.6807586718186556,3.39706933444057,1.6586678693811892
66,2,18,0,3.628402201507636,0.0263962524538121,8.702625632608325e-07,3.6020050787912603,0.10000865840817738,0.9173799323609487,0.934208780560504,1.0,0.9503618925508381,50.985256610133774,0.18893689591518897,1,-0.01262,CRITICAL,0,0.4372016572646281,3.5251526159965363,0.3504327298594146,3.491945866996574,1.1188598407256627,3.4483135800853697,1.6807586718186556
67,2,19,0,3.6077031668067674,0.0,7.21450804709836e-07,3.6077024453559625,0.10000717785161846,0.9158096474424278,0.9030213998600521,1.0,0.9500615031352945,50.98241425895791,0.19027599620547225,1,-0.01419,CRITICAL,1,0.8346179755458839,3.628402201507636,0.0263962524538121,3.5251526159965363,0.3504327298594146,3.491945866996574,1.1188598407256627
68,2,20,1,3.4978851612068134,0.0,5.980853199997662e-07,3.4978845631214934,0.10000595046488929,0.9185775886071047,0.9219448594897682,1.0,0.9516961057476082,49.34233133728236,0.17804879798367823,1,-0.011422,CRITICAL,1,0.6185288075482935,3.6077031668067674,0.0,3.628402201507636,0.0263962524538121,3.5251526159965363,0.3504327298594146
69,2,21,1,3.4075982252942727,0.0,4.958148881022702e-07,3.4075977294793844,0.10000493295686241,0.9208420256347941,0.924331577908837,1.0,0.9530337495294787,47.99870151033413,0.16834373811014047,1,-0.009158,HIGH,1,0.58421610752438,3.4978851612068134,0.0,3.6077031668067674,0.0,3.628402201507636,0.0263962524538121
70,2,22,1,3.127350238443684,0.0,4.1103233108788907e-07,3.127349827411353,0.10000408943903698,0.9278077745397926,0.9284335196759169,1.0,0.9571506907098942,43.854909832885376,0.14017410805703323,1,-0.002192,HIGH,1,0.5234799224685699,3.4075982252942727,0.0,3.4978851612068134,0.0,3.6077031668067674,0.0
71,2,23,1,2.572758241439116,0.0,3.407472854417415e-07,2.5727579006918306,0.1000033901597163,0.9413237910312485,0.930957629774104,1.0,0.9651481464360945,35.76933377458475,0.09279653466236723,1,0.011324,NORMAL,0,0.48563950397954503,3.127350238443684,0.0,3.4075982252942727,0.0,3.4978851612068134,0.0
72,3,0,1,2.037505232385514,0.0,2.824807290227987e-07,2.037504949904785,0.10000281045463645,0.9540508291958314,0.9602054735470059,1.0,0.9726895529145252,28.102037287404887,0.05701890578299885,1,0.024051,NORMAL,0,0.14035695138584528,2.572758241439116,0.0,3.127350238443684,0.0,3.4075982252942727,0.0
73,3,1,1,1.7258637087754236,0.0,2.3417754353234936e-07,1.72586347459788,0.1000023298770337,0.9613259887049128,0.9561178552742181,1.0,0.9770050516927545,23.696115739520796,0.040437696707870834,1,0.031326,NORMAL,0,0.17263429961029017,2.037505232385514,0.0,2.572758241439116,0.0,3.127350238443684,0.0
74,3,2,1,1.6630728326097006,0.0,1.94134028488015e-07,1.6630726384756722,0.1000019314764671,0.9627802655478369,0.9571592207489923,1.0,0.9778681003863282,22.813394154631077,0.03746199549015988,1,0.03278,NORMAL,0,0.16389157137931973,1.7258637087754236,0.0,2.037505232385514,0.0,2.572758241439116,0.0
75,3,3,1,1.6360225274392968,0.0,1.609378100434243e-07,1.6360223665014868,0.10000160120095997,0.9634055930253088,0.9542836068569543,1.0,0.9782392451617086,22.43362695822939,0.036217226025883696,1,0.033406,NORMAL,0,0.18892408151741857,1.6630728326097006,0.0,1.7258637087754236,0.0,2.037505232385514,0.0
76,3,4,1,1.6313530975295467,0.0,1.3341802518263157e-07,1.6313529641115216,0.10000132740137292,0.9635134643552191,0.9690866992148902,1.0,0.9783032719637145,22.36810259642339,0.03600461150677913,1,0.033513,NORMAL,0,0.08744790314172339,1.6360225274392968,0.0,1.6630728326097006,0.0,1.7258637087754236,0.0
77,3,5,1,1.8542543510560705,0.0,1.1060402424359225e-07,1.8542542404520463,0.1000011004205274,0.9583403989652514,0.9584244974861903,1.0,0.9752336539954566,25.506233759486253,0.04690073589254669,1,0.02834,NORMAL,0,0.15375222079454434,1.6313530975295467,0.0,1.6360225274392968,0.0,1.6630728326097006,0.0
78,3,6,0,2.332263906289964,0.1382481057360439,9.169113515373388e-08,2.194015708862785,0.10000091225258752,0.9512852193707048,0.9427296894254737,1.0,0.97150948576997,30.843099128700015,0.06568842081436932,1,0.021285,NORMAL,0,0.31782585441519057,1.8542543510560705,0.0,1.6313530975295467,0.0,1.6360225274392968,0.0
79,3,7,0,2.696723337316929,0.563824891022151,7.601228186136375e-08,2.132898370282496,0.10000075626068644,0.9491066368719355,0.9503479200175193,1.0,0.9750768407021215,31.896723630250932,0.07371684541105689,1,0.019107,NORMAL,0,0.22778246811964584,2.332263906289964,0.1382481057360439,1.8542543510560705,0.0,1.6313530975295467,0.0
80,3,8,0,2.963017067158666,0.3766653934545038,6.301445591276695e-08,2.5863516106897064,0.10000062694283764,0.9403421730472389,0.9375694421028071,1.0,0.967613152188346,37.46559808769173,0.09606607937537022,1,0.010342,NORMAL,0,0.38837059500527255,2.696723337316929,0.563824891022151,2.332263906289964,0.1382481057360439,1.8542543510560705,0.0
81,3,9,0,3.390637988462832,0.3834143532725609,5.223921130612842e-08,3.0072235829510596,0.1000005197378744,0.9304540908188957,0.9276441256631547,1.0,0.9616679701058768,43.594773486546316,0.13032161167411718,1,0.000454,MODERATE,1,0.5352793928927938,2.963017067158666,0.3766653934545038,2.696723337316929,0.563824891022151,2.332263906289964,0.1382481057360439
82,3,10,0,3.4332963937468683,0.7543504094728939,4.3306494650151087e-08,2.6789459409674796,0.10000043086457308,0.9348009224115035,0.9273371155747675,1.0,0.9685331240195348,40.67326622484284,0.12211489580222967,1,0.004801,MODERATE,1,0.5398585119752408,3.390637988462832,0.3834143532725609,2.963017067158666,0.3766653934545038,2.696723337316929,0.563824891022151
83,3,11,0,3.433308203765043,1.4678332860846006,3.590124031375084e-08,1.965474881779202,0.10000035718828564,0.9440031609313075,0.9362644352919879,1.0204672454401142,0.9814739060247294,35.168395518222944,0.15260055363318686,1,0.014003,NORMAL,0,0.4071243248962534,3.4332963937468683,0.7543504094728939,3.390637988462832,0.3834143532725609,2.963017067158666,0.3766653934545038
84,3,12,0,3.4398996130559265,1.9543063174392024,2.976225775077271e-08,1.4855932658544664,0.10000029611037753,0.9494470813915408,0.9532814243140257,1.048432191116257,0.9893199159312932,32.52762467154892,0.20727992774488435,1,0.019447,NORMAL,0,0.1983108072759887,3.433308203765043,1.4678332860846006,3.4332963937468683,0.7543504094728939,3.390637988462832,0.3834143532725609
85,3,13,0,3.527405407972544,2.477691931409281,2.4673019057562312e-08,1.0497134518902442,0.10000024547657134,0.9529970785342717,0.9665467652784067,1.0748375055881287,0.9960471716079177,31.628406234419497,0.29445359914791897,1,0.022997,NORMAL,0,0.10039838293627533,3.4398996130559265,1.9543063174392024,3.433308203765043,1.4678332860846006,3.4332963937468683,0.7543504094728939
86,3,14,0,3.493042552549233,1.6177550783554422,2.045402181892967e-08,1.875287453739769,0.10000020350096332,0.9444219670875293,0.9553093587081863,1.0280751768126586,0.9831828738620315,35.04449787194173,0.1698563902554986,1,0.014422,NORMAL,0,0.17967344020897222,3.527405407972544,2.477691931409281,3.4398996130559265,1.9543063174392024,3.433308203765043,1.4678332860846006
87,3,15,0,3.5204319639689654,1.7841894990075098,1.6956457886049432e-08,1.7362424480049978,0.10000016870303283,0.9457222755835574,0.9409475816385153,1.03713872244318,0.9855384963160598,34.45660626193674,0.18947369466313563,1,0.015722,NORMAL,0,0.3414464684913153,3.493042552549233,1.6177550783554422,3.527405407972544,2.477691931409281,3.4398996130559265,1.9543063174392024
88,3,16,0,3.5429083985608747,0.9873108168491846,1.405696476640623e-08,2.555597567654725,0.10000013985542289,0.93541101716197,0.9396253211310368,1.0,0.9714262326001148,40.2410909451235,0.13262303668700864,1,0.005411,MODERATE,0,0.35950360963197353,3.5204319639689654,1.7841894990075098,3.493042552549233,1.6177550783554422,3.527405407972544,2.477691931409281
89,3,17,0,3.6162861874810432,0.3393810918955365,1.1653274508194504e-08,3.2769050839322325,0.10000011594065017,0.9244304666026684,0.9305184181622838,1.0,0.957476489443134,47.35794640714517,0.15436461471378177,1,-0.00557,HIGH,0,0.49222435448429575,3.5429083985608747,0.9873108168491846,3.5204319639689654,1.7841894990075098,3.493042552549233,1.6177550783554422
90,3,18,0,3.701071309389652,0.0348530262796381,9.660606612009132e-09,3.6662182734494073,0.1000000961152173,0.9162151871117995,0.909545870690618,1.0,0.9494720636034193,51.97530416498588,0.19606424552899837,1,-0.013785,CRITICAL,1,0.7733365046569755,3.6162861874810432,0.3393810918955365,3.5429083985608747,0.9873108168491846,3.5204319639689654,1.7841894990075098
91,3,19,0,3.618079770496709,0.0,8.008677736752007e-09,3.618079762488031,0.10000007967986192,0.9155472662504456,0.91608089789072,1.0,0.949906598588088,51.13772483296481,0.19145566039621026,1,-0.014453,CRITICAL,1,0.6974419504258164,3.701071309389652,0.0348530262796381,3.6162861874810432,0.3393810918955365,3.5429083985608747,0.9873108168491846
92,3,20,1,3.5540499414042706,0.0,6.639222738417801e-09,3.5540499347650476,0.10000006605489302,0.9171638009036266,0.9170673754322569,1.0,0.9508611467750006,50.180334709557016,0.18424395083706935,1,-0.012836,CRITICAL,1,0.6848082037614558,3.618079770496709,0.0,3.701071309389652,0.0348530262796381,3.6162861874810432,0.3393810918955365
93,3,21,1,3.441039998016876,0.0,5.503939604433106e-09,3.4410399925129367,0.10000005475974463,0.9200044207682604,0.9146263928540194,1.0,0.9525389335093077,48.49588295264219,0.17190221768444003,1,-0.009996,HIGH,1,0.7155342137610037,3.5540499414042706,0.0,3.618079770496709,0.0,3.701071309389652,0.0348530262796381
94,3,22,1,3.153384633720953,0.0,4.562785789720787e-09,3.1533846291581673,0.10000004539602587,0.9271645890626566,0.9242593348064322,1.0,0.956770425432684,44.23818157703436,0.14266838335508758,1,-0.002835,HIGH,1,0.5852686257851297,3.441039998016876,0.0,3.5540499414042706,0.0,3.618079770496709,0.0
95,3,23,1,2.633582876666179,0.0,3.78256588216165e-09,2.633582872883613,0.10000003763346924,0.9398582043035651,0.9344421037266052,1.0,0.9642803878409473,36.648925009378644,0.09746775723631368,1,0.009858,MODERATE,0,0.4337601000257168,3.153384633720953,0.0,3.441039998016876,0.0,3.5540499414042706,0.0
96,4,0,1,2.071244646336143,0.0,3.1357607634392363e-09,2.071244643200382,0.10000003119828178,0.9532573468696376,0.9485782533881797,1.0,0.9722190803703998,28.581560215774456,0.058997954429697026,1,0.023257,NORMAL,0,0.24699659412648006,2.633582876666179,0.0,3.153384633720953,0.0,3.441039998016876,0.0
97,4,1,1,1.7753506247128774,0.0,2.5995569870793354e-09,1.7753506221133204,0.10000002586348816,0.9601771213438535,0.9517362160308687,1.0,0.976323348852918,24.392981538209074,0.04286834957659421,1,0.030177,NORMAL,0,0.2134635520212842,2.071244646336143,0.0,2.633582876666179,0.0,3.153384633720953,0.0
98,4,2,1,1.7136927395715258,0.0,2.1550421214720824e-09,1.7136927374164836,0.100000021440925,0.9616081581985835,0.9552513320095284,1.0,0.9771725015248737,23.524887734649273,0.03985147058407529,1,0.031608,NORMAL,0,0.1801871690491729,1.7753506247128774,0.0,2.071244646336143,0.0,2.633582876666179,0.0
99,4,3,1,1.6984183165510616,0.0,1.786537693793302e-09,1.698418314764524,0.10000001777460418,0.9619620955175683,0.9728756862516512,1.0,0.9773825414972503,23.31008373787829,0.039122184674678845,1,0.031962,NORMAL,0,0.07092666792563157,1.7136927395715258,0.0,1.7753506247128774,0.0,2.071244646336143,0.0
100,4,4,1,1.7046468267445265,0.0,1.4810461938732446e-09,1.7046468252634803,0.100000014735211,0.9618177964203379,0.9656164986879576,1.0,0.9772969079521714,23.397663350893,0.03941870382775896,1,0.031818,NORMAL,0,0.10555323909740609,1.6984183165510616,0.0,1.7136927395715258,0.0,1.7753506247128774,0.0
101,4,5,1,1.8780959057380768,0.0,1.2277926385004274e-09,1.8780959045102843,0.10000001221554308,0.95778419670613,0.9670424707964598,1.0,0.9749037138351628,25.843138409800414,0.04815733355457415,1,0.027784,NORMAL,0,0.09774384389015384,1.7046468267445265,0.0,1.6984183165510616,0.0,1.7136927395715258,0.0
102,4,6,0,2.377723390916559,0.0585995982458254,1.0178445269332558e-09,2.3191237916528893,0.1000000101267293,0.9490540881185641,0.9540406969827563,1.0,0.9691807789804759,32.329277076611326,0.07397098867541854,1,0.019054,NORMAL,0,0.19116750368480734,1.8780959057380768,0.0,1.7046468267445265,0.0,1.6984183165510616,0.0
103,4,7,0,2.7139054446738347,0.6499904282532288,8.437967855351337e-10,2.0639150155768093,0.10000000839509512,0.9498979072279684,0.95589596538242,1.0,0.9765103565914076,31.374091701060802,0.07460809045131084,1,0.019898,NORMAL,0,0.1745441698842447,2.377723390916559,0.0585995982458254,1.8780959057380768,0.0,1.7046468267445265,0.0
104,4,8,0,2.9267730138801062,0.7514626816566754,6.995105797688963e-10,2.17531033152392,0.10000000695956415,0.946433499866707,0.940542229625154,1.0,0.9755229083409963,33.494705924163405,0.08777415916252729,1,0.016433,NORMAL,0,0.34693623365344645,2.7139054446738347,0.6499904282532288,2.377723390916559,0.0585995982458254,1.8780959057380768,0.0
105,4,9,0,3.3671659892272987,1.5947445367255826,5.798967947946943e-10,1.7724214519218193,0.1000000057695038,0.9470111896579559,0.9485697136993277,1.0294003397940767,0.9844969415306419,33.48165563149436,0.16100900554333492,1,0.017011,NORMAL,0,0.24709190391293112,2.9267730138801062,0.7514626816566754,2.7139054446738347,0.6499904282532288,2.377723390916559,0.0585995982458254
106,4,10,0,3.454436511912402,1.7444262744706314,4.807365354230485e-10,1.7100102369610342,0.10000000478293947,0.946765068270449,0.9368685540594681,1.0362465605707778,0.9857801960921891,33.79414620297847,0.18155478504152306,1,0.016765,NORMAL,0,0.3984055133986271,3.3671659892272987,1.5947445367255826,2.9267730138801062,0.7514626816566754,2.7139054446738347,0.6499904282532288
107,4,11,0,3.439050336955243,1.6981973000263424,3.98532322507035e-10,1.7408530365303685,0.10000000396507408,0.9465832110107586,0.9465642375441745,1.0339048533932214,0.9852340512735731,33.84689903396155,0.17557431956687097,1,0.016583,NORMAL,0,0.2701514631217168,3.454436511912402,1.7444262744706314,3.3671659892272987,1.5947445367255826,2.9267730138801062,0.7514626816566754
108,4,12,0,3.4875315333489105,2.5100768991968225,3.3038473363668786e-10,0.9774546338217033,0.10000000328706071,0.9542130076175289,0.9632324841399331,1.0773212132738896,0.9970363933700888,31.05617823110269,0.29897763490045015,1,0.024213,NORMAL,0,0.11983969843367401,3.439050336955243,1.6981973000263424,3.454436511912402,1.7444262744706314,3.3671659892272987,1.5947445367255826
109,4,13,0,3.48760681037594,2.072852170852851,2.7389013563818334e-10,1.4147546392491988,0.10000000272498519,0.9496647802769842,0.9470905871250401,1.054005274056655,0.9905276659060763,32.606093600151745,0.22614947165152494,1,0.019665,NORMAL,0,0.26397003709765615,3.4875315333489105,2.5100768991968225,3.439050336955243,1.6981973000263424,3.454436511912402,1.7444262744706314
110,4,14,0,3.44675278502006,2.260746886210112,2.2705591031988418e-10,1.186005898582892,0.10000000225902256,0.9525757984098283,0.9497213757531451,1.0650228469331255,0.9939159794708882,31.342464945920952,0.2537567396189527,1,0.022576,NORMAL,0,0.23446249926634155,3.48760681037594,2.072852170852851,3.4875315333489105,2.5100768991968225,3.439050336955243,1.6981973000263424
111,4,15,0,3.510547955441833,1.494181030591332,1.8823016927068296e-10,2.016366924662271,0.10000000187273785,0.9425565528999964,0.9491127023237791,1.0203843828759396,0.9808732602247492,36.0558179774824,0.1592149390707288,1,0.012557,NORMAL,0,0.241080988345292,3.44675278502006,2.260746886210112,3.48760681037594,2.072852170852851,3.4875315333489105,2.5100768991968225
112,4,16,0,3.530676395970489,1.095516067843351,1.5604348890564235e-10,2.435160327971094,0.10000000155250643,0.937115943682036,0.9429190395988821,1.0,0.9735895575683061,39.19676676575752,0.13518896489600254,1,0.007116,MODERATE,0,0.3153677583476701,3.510547955441833,1.494181030591332,3.44675278502006,2.260746886210112,3.48760681037594,2.072852170852851
113,4,17,0,3.573803009026835,0.3023449215943462,1.2936061555225068e-10,3.2714580873031283,0.10000000128703343,0.9248734588652844,0.9245052026731976,1.0,0.9573010600313276,47.12104951776328,0.15313739063249837,1,-0.005127,HIGH,1,0.5816834214719677,3.530676395970489,1.095516067843351,3.510547955441833,1.494181030591332,3.44675278502006,2.260746886210112
114,4,18,0,3.67459641077952,4.817340207270953e-05,1.072404164610145e-10,3.6745482372702067,0.10000000106695536,0.9141199488522832,0.9204662351263766,1.0,0.949062780230968,51.98403657832854,0.19794724466566144,1,-0.01588,CRITICAL,1,0.6392305077154526,3.573803009026835,0.3023449215943462,3.530676395970489,1.095516067843351,3.510547955441833,1.494181030591332
115,4,19,0,3.67062194915665,0.0,8.890269259069831e-11,3.670621949067747,0.10000000088450985,0.9142168850126108,0.9197955967842324,1.0,0.9491211544967262,51.92498907734375,0.19749313048557804,1,-0.015783,CRITICAL,1,0.6484571219310086,3.67459641077952,4.817340207270953e-05,3.573803009026835,0.3023449215943462,3.530676395970489,1.095516067843351
116,4,20,1,3.578064795842264,0.0,7.370065287800591e-11,3.5780647957685634,0.10000000073326186,0.9165581115361984,0.9120317148581967,1.0,0.9505034724448111,50.539154702464295,0.18693006910957577,1,-0.013442,CRITICAL,1,0.7461337099109366,3.67062194915665,0.0,3.67459641077952,4.817340207270953e-05,3.573803009026835,0.3023449215943462
117,4,21,1,3.4600314299231347,0.0,6.109810756731165e-11,3.4600314298620365,0.10000000060787673,0.919528157729972,0.9297314464993724,1.0,0.9522575951672526,48.77848709723099,0.17394200316208008,1,-0.010472,CRITICAL,1,0.5040282153541361,3.578064795842264,0.0,3.67062194915665,0.0,3.67459641077952,4.817340207270953e-05
118,4,22,1,3.1880030747651813,0.0,5.0650551498247217e-11,3.1880030747145307,0.100000000503932,0.9263081350841226,0.9278073768689058,1.0,0.9562641012087688,44.74834769905056,0.14602354480484414,1,-0.003692,HIGH,1,0.5328419933115361,3.4600314299231347,0.0,3.578064795842264,0.0,3.67062194915665,0.0
119,4,23,1,2.638852424746226,0.0,4.1989489795734014e-11,2.6388524247042366,0.10000000041776144,0.9397310445372854,0.9464481678482574,1.0,0.9642051038363569,36.725209908498904,0.0978784087380701,1,0.009731,MODERATE,0,0.2715267843292539,3.1880030747651813,0.0,3.4600314299231347,0.0,3.578064795842264,0.0
120,5,0,1,2.088478549061345,0.0,3.4809438195128416e-11,2.0884785490265356,0.10000000034632574,0.9528516047548995,0.9421881667094087,1.0,0.9719785194261198,28.826688987850186,0.06002289281129151,1,0.022852,NORMAL,0,0.32491170909407335,2.638852424746226,0.0,3.1880030747651813,0.0,3.4600314299231347,0.0
121,5,1,1,1.773636291515652,0.0,2.8857149339088685e-11,1.773636291486795,0.10000000028710529,0.9602169597769254,0.969366001060539,1.0,0.9763469866266941,24.36882339893281,0.04278288273751213,1,0.030217,NORMAL,0,0.08611980604979444,2.088478549061345,0.0,2.638852424746226,0.0,3.1880030747651813,0.0
122,5,2,1,1.707563252556474,0.0,2.3922681138313458e-11,1.7075632525325513,0.10000000023801132,0.9617502170602803,0.9637290604372627,1.0,0.9772568038084558,23.43867708162512,0.039557954641392244,1,0.03175,NORMAL,0,0.11673244644847647,1.773636291515652,0.0,2.088478549061345,0.0,2.638852424746226,0.0
123,5,3,1,1.6970494421843092,0.0,1.9831989200191504e-11,1.6970494421644773,0.10000000019731224,0.9619938037603154,0.9540832988314948,1.0,0.9774013588027524,23.290838082585065,0.03905717660268412,1,0.031994,NORMAL,0,0.19077258342004572,1.707563252556474,0.0,1.773636291515652,0.0,2.088478549061345,0.0
124,5,4,1,1.6976870694194002,0.0,1.644079008494351e-11,1.6976870694029593,0.10000000016357256,0.9619790340973798,0.963296882512802,1.0,0.9773925937343458,23.29980269768159,0.03908745052600256,1,0.031979,NORMAL,0,0.11943273946783695,1.6970494421843092,0.0,1.707563252556474,0.0,1.773636291515652,0.0
125,5,5,1,1.8742912855904463,0.0,1.3629474526607117e-11,1.8742912855768168,0.10000000013560224,0.9578729914725871,0.9460336122180976,1.0,0.9749563861704844,25.78935924497088,0.04795561548508859,1,0.027873,NORMAL,0,0.2764745930612714,1.6976870694194002,0.0,1.6970494421843092,0.0,1.707563252556474,0.0
126,5,6,0,2.4573144480013767,0.1299813970067029,1.1298883290335954e-11,2.3273330509833747,0.10000000011241475,0.9483132603213039,0.9533910611228841,1.0,0.9695835277594577,32.7153301014292,0.07425112438653242,1,0.018313,NORMAL,0,0.1972670549661946,1.8742912855904463,0.0,1.6976870694194002,0.0,1.6970494421843092,0.0
127,5,7,0,2.7630449142219478,0.6984187957052738,9.366814998581703e-12,2.064626118507307,0.10000000009319224,0.9494399374387316,0.955932607654574,1.0,0.9767632570865381,31.645575941686268,0.07771974307398287,1,0.01944,NORMAL,0,0.17422763467873698,2.4573144480013767,0.1299813970067029,1.8742912855904463,0.0,1.6976870694194002,0.0
128,5,8,0,3.0072640986319064,1.4658908178986043,7.76512369523878e-12,1.541373280725537,0.1000000000772567,0.9536052037836531,0.9560954006127969,1.0294300168170296,0.9871692494765592,29.42649202190581,0.1316334451417009,1,0.023605,NORMAL,0,0.17282681873774763,2.7630449142219478,0.6984187957052738,2.4573144480013767,0.1299813970067029,1.8742912855904463,0.0
129,5,9,0,3.414992345856846,2.0345574703665767,6.437315952533851e-12,1.380434875483832,0.1000000000640461,0.950883453015709,0.9514978650958552,1.053395442630355,0.9908991214447977,31.840694932411225,0.2174783694084959,1,0.020883,NORMAL,0,0.21587449289221428,3.0072640986319064,1.4658908178986043,2.7630449142219478,0.6984187957052738,2.4573144480013767,0.1299813970067029
130,5,10,0,3.4614330997787777,2.540058852143739,5.33655848179129e-12,0.9213742476297023,0.10000000005309444,0.9550939986548119,0.9546175043111683,1.0793942769607565,0.9978075321305543,30.66607336680623,0.30369058379286906,1,0.025094,NORMAL,0,0.18587337377348334,3.414992345856846,2.0345574703665767,3.0072640986319064,1.4658908178986043,2.7630449142219478,0.6984187957052738
131,5,11,0,3.4761154202927287,2.847628532856563,4.4240257107888586e-12,0.6284868874317415,0.10000000004401548,0.9577526094474278,0.9565270122370526,1.0946658190628356,1.0019228454644005,30.227018734997145,0.3660454490499805,1,0.027753,NORMAL,0,0.16915599315632654,3.4614330997787777,2.540058852143739,3.414992345856846,2.0345574703665767,3.0072640986319064,1.4658908178986043
132,5,12,0,3.5233105829446862,3.0,3.667532979303137e-12,0.5233105829410187,0.10000000003648898,0.9581324426398445,0.9671118580739902,1.1012378018338747,1.0033776622998707,30.564013115109656,0.4007818278028965,1,0.028132,NORMAL,0,0.09737730248457267,3.4761154202927287,2.847628532856563,3.4614330997787777,2.540058852143739,3.414992345856846,2.0345574703665767
133,5,13,0,3.488829915415699,2.7941402981528585,3.0403975353973796e-12,0.6946896172598004,0.1000000000302495,0.9569622556009308,0.962654487773331,1.0917500910790032,1.001022983495898,30.45157616607248,0.3551267423847203,1,0.026962,NORMAL,0,0.12354615146221277,3.5233105829446862,3.0,3.4761154202927287,2.847628532856563,3.4614330997787777,2.540058852143739
134,5,14,0,3.5000795189364555,0.0,2.5205007364260397e-12,3.500079518933935,0.10000000002507695,0.918522380188804,0.9209814159604719,1.0,0.9516635116965978,49.37504749684853,0.17828863876791617,1,-0.011478,CRITICAL,1,0.6320717668652375,3.488829915415699,2.7941402981528585,3.5233105829446862,3.0,3.4761154202927287,2.847628532856563
135,5,15,0,3.4986413488844503,0.0,2.089504044449145e-12,3.498641348882361,0.10000000002078888,0.9185585331564492,0.9227594500932739,1.0,0.9516848650185727,49.353609760815615,0.1781314809343562,1,-0.011441,CRITICAL,1,0.6069317282428197,3.5000795189364555,0.0,3.488829915415699,2.7941402981528585,3.5233105829446862,3.0
136,5,16,0,3.558603751595815,0.0,1.7322060962181403e-12,3.5586037515940827,0.10000000001723405,0.9170490023597376,0.9212910108093199,1.0,0.9507933536581936,50.24835234901002,0.18475158737977676,1,-0.012951,CRITICAL,1,0.6277413596358423,3.4986413488844503,0.0,3.5000795189364555,0.0,3.488829915415699,2.7941402981528585
137,5,17,0,3.611878165608099,0.4002724154912615,1.4360050009158366e-12,3.2116057501154014,0.10000000001428709,0.9254651974392372,0.9308906310103193,1.0,0.9588320444848866,46.66258434973345,0.14957210958616243,1,-0.004535,HIGH,0,0.4866437130505435,3.558603751595815,0.0,3.4986413488844503,0.0,3.5000795189364555,0.0
138,5,18,0,3.715,0.0729385929789728,1.1904531458120722e-12,3.6420614070198365,0.10000000001184405,0.9178068011553968,0.9197325978065929,1.0,0.9501383456609941,51.74458617970708,0.19249806118568796,1,-0.012193,CRITICAL,1,0.6493183142820175,3.611878165608099,0.4002724154912615,3.558603751595815,0.0,3.4986413488844503,0.0
139,5,19,0,3.669952664822713,0.0,9.868894772987773e-13,3.6699526648217264,0.10000000000981876,0.9142338535102745,0.9278324460034564,1.0,0.9491311717788391,51.91495152909095,0.19741554330521627,1,-0.015766,CRITICAL,1,0.5324675602360545,3.715,0.0729385929789728,3.611878165608099,0.4002724154912615,3.558603751595815,0.0
140,5,20,1,3.5611743904088087,0.0,8.181353811170873e-13,3.5611743904079907,0.10000000000813979,0.9169841870790592,0.912269002178588,1.0,0.9507550779559248,50.28675332280421,0.1850385040276797,1,-0.013016,CRITICAL,1,0.7434274800964232,3.669952664822713,0.0,3.715,0.0729385929789728,3.611878165608099,0.4002724154912615
141,5,21,1,3.4584294932934414,0.0,6.782368165423093e-13,3.4584294932927633,0.10000000000674791,0.9195683478891153,0.9238229371466627,1.0,0.9522813357406055,48.75464200878012,0.1737694142176759,1,-0.010432,CRITICAL,1,0.591609694942791,3.5611743904088087,0.0,3.669952664822713,0.0,3.715,0.0729385929789728
142,5,22,1,3.176929193967877,0.0,5.622607989693664e-13,3.176929193967315,0.10000000000559404,0.9265822550566875,0.925886349871574,1.0,0.9564261520314415,44.585088056178144,0.14494548698015997,1,-0.003418,HIGH,1,0.561393396040743,3.4584294932934414,0.0,3.5611743904088087,0.0,3.669952664822713,0.0
143,5,23,1,2.634364888077186,0.0,4.661161658261156e-13,2.63436488807672,0.10000000000463749,0.9398393352200549,0.9454583120097891,1.0,0.9642692165471655,36.66024505024192,0.09752863881777687,1,0.009839,MODERATE,0,0.28343244528899714,3.176929193967877,0.0,3.4584294932934414,0.0,3.5611743904088087,0.0
144,6,0,1,2.094017618747452,0.0,3.8641250200189466e-13,2.0940176187470656,0.1000000000038445,0.9527211328855828,0.9630658509624651,1.0,0.9719011659860113,28.90550241824362,0.060354337133229984,1,0.022721,NORMAL,0,0.12089828263237036,2.634364888077186,0.0,3.176929193967877,0.0,3.4584294932934414,0.0
145,6,1,1,1.790630368651068,0.0,3.203375668592102e-13,1.7906303686507477,0.10000000000318711,0.9598219149233513,0.968328953120886,1.0,0.9761125952856993,24.60835683781988,0.04363413071487428,1,0.029822,NORMAL,0,0.09114472939181259,2.094017618747452,0.0,2.634364888077186,0.0,3.176929193967877,0.0
146,6,2,1,1.7233421600141254,0.0,2.655613172711919e-13,1.7233421600138599,0.10000000000264213,0.9613844459726415,0.9576263461240738,1.0,0.9770397461836486,23.66063801425538,0.040315880929401415,1,0.031384,NORMAL,0,0.16008701749920165,1.790630368651068,0.0,2.094017618747452,0.0,2.634364888077186,0.0
147,6,3,1,1.7159769285038082,0.0,2.201514941485091e-13,1.7159769285035882,0.10000000000219034,0.9615552095962046,0.9511317706928369,1.0,0.9771410805136428,23.55701870909359,0.03996114632216215,1,0.031555,NORMAL,0,0.21961587967688814,1.7233421600141254,0.0,1.790630368651068,0.0,2.094017618747452,0.0
148,6,4,1,1.682801184570072,0.0,1.8250655420048424e-13,1.6828011845698896,0.1000000000018158,0.9623237402578227,0.9536151089138788,1.0,0.9775971634168528,23.090561568285132,0.0383839329452646,1,0.032324,NORMAL,0,0.19514699944978503,1.7159769285038082,0.0,1.7233421600141254,0.0,1.790630368651068,0.0
149,6,5,1,1.891564126736648,0.0,1.512990088367215e-13,1.8915641267364969,0.1000000000015053,0.9574697506012387,0.9610184920768905,1.0,0.9747171910500302,26.033564726578906,0.04887505224180569,1,0.02747,NORMAL,0,0.1345737802349421,1.682801184570072,0.0,1.7159769285038082,0.0,1.7233421600141254,0.0
150,6,6,0,2.422778201768464,0.0,1.254268575113611e-13,2.4227782017683386,0.1000000000012479,0.9449203941561517,0.9434757009302369,1.0,0.9672782716118219,33.60782071233479,0.08181482846199355,1,0.01492,NORMAL,0,0.30820126175250895,1.891564126736648,0.0,1.682801184570072,0.0,1.7159769285038082,0.0
151,6,7,0,2.765184249411873,0.8167837789629513,1.0397889725468886e-13,1.9484004704488178,0.10000000000103451,0.95096924085231,0.9672328627516216,1.0,0.978966705769496,30.68532312777861,0.0799415118653266,1,0.020969,NORMAL,0,0.09674102311892338,2.422778201768464,0.0,1.891564126736648,0.0,1.682801184570072,0.0
152,6,8,0,2.9548747007643765,1.411800004749871,8.619887585579988e-14,1.5430746960144193,0.10000000000085761,0.9541389239461558,0.9534612891002376,1.0273253077821782,0.9869590204107446,29.051858193493846,0.12434052596225298,1,0.024139,NORMAL,0,0.1966006583611822,2.765184249411873,0.8167837789629513,2.422778201768464,0.0,1.891564126736648,0.0
153,6,9,0,3.353051876838444,2.164554208290828,7.145889583683281e-14,1.1884976685475444,0.10000000000071096,0.9536614209821251,0.9458567225626485,1.061759807689267,0.9937033041567953,30.527001213142952,0.23467914912961974,1,0.023661,NORMAL,0,0.2786026837944378,2.9548747007643765,1.411800004749871,2.765184249411873,0.8167837789629513,2.422778201768464,0.0
154,6,10,0,3.384624673547856,1.9649992865686423,5.923975652088199e-14,1.4196253869791542,0.1000000000005894,0.9508080219284162,0.9497664614303607,1.050172296639668,0.9902210196191903,31.761557188144913,0.2063513983642073,1,0.020808,NORMAL,0,0.23397730283895352,3.353051876838444,2.164554208290828,2.9548747007643765,1.411800004749871,2.765184249411873,0.8167837789629513
155,6,11,0,3.396356438102989,2.7977585954027493,4.9110139750963464e-14,0.5985978427001906,0.10000000000048861,0.9590446325596399,0.9619660281300534,1.0937560342151182,1.0022692758722564,29.411664447926437,0.35318613403951754,1,0.029045,NORMAL,0,0.1280890370645167,3.384624673547856,1.9649992865686423,3.353051876838444,2.164554208290828,2.9548747007643765,1.411800004749871
156,6,12,0,3.4310412211194787,2.3439155886233216,4.0712733702658866e-14,1.0871256324961165,0.10000000000040507,0.9537880651211296,0.9467387536184431,1.0697637349620004,0.9953559678009674,30.865420032807016,0.26719162183355555,1,0.023788,NORMAL,0,0.26809188240836435,3.396356438102989,2.7977585954027493,3.384624673547856,1.9649992865686423,3.353051876838444,2.164554208290828
157,6,13,0,3.46008404958413,2.6147648610089806,3.375151304570572e-14,0.8453191885751155,0.1000000000003358,0.9558628831913542,0.9471148770178928,1.083256079041041,0.9988887897133478,30.470933568437804,0.31797839447681364,1,0.025863,NORMAL,0,0.2636869777289715,3.4310412211194787,2.3439155886233216,3.396356438102989,2.7977585954027493,3.384624673547856,1.9649992865686423
158,6,14,0,3.424748493077811,1.979005939014028,2.7980175454534094e-14,1.4457425540637552,0.10000000000027838,0.9500592133736518,0.9615590291284699,1.0501206323030836,0.9899072773957356,32.21590509833602,0.2100168485570873,1,0.020059,NORMAL,0,0.1308411687842161,3.46008404958413,2.6147648610089806,3.4310412211194787,2.3439155886233216,3.396356438102989,2.7977585954027493
159,6,15,0,3.4889565346425666,1.644271843972368,2.3195203514588563e-14,1.8446846906701755,0.10000000000023078,0.9448250083147963,0.9502297844396272,1.0297137621213177,0.9836769091467777,34.830789575247465,0.1723528763090246,1,0.014825,NORMAL,0,0.22903165920814336,3.424748493077811,1.979005939014028,3.46008404958413,2.6147648610089806,3.4310412211194787,2.3439155886233216
160,6,16,0,3.548648041380811,0.8321090189511975,1.922892662865014e-14,2.716539022429594,0.10000000000019132,0.9331817847708618,0.9341251303793271,1.0,0.968412349383404,41.64162075442396,0.13091428625547918,1,0.003182,MODERATE,0,0.43843700362124993,3.4889565346425666,1.644271843972368,3.424748493077811,1.979005939014028,3.46008404958413,2.6147648610089806
161,6,17,0,3.597397013361636,0.1677788791145969,1.594142657421197e-14,3.4296181342470233,0.10000000000015861,0.9221907639823623,0.9189983307830393,1.0,0.9540164149898314,48.923778583590604,0.16826751408366822,1,-0.007809,HIGH,1,0.659282886078679,3.548648041380811,0.8321090189511975,3.4889565346425666,1.644271843972368,3.424748493077811,1.979005939014028
162,6,18,0,3.6929924640470007,0.0230192874101092,1.3215912107693937e-14,3.669973176636878,0.1000000000001315,0.9154813443200753,0.924489414819752,1.0,0.9493196910101707,51.99170645549308,0.19679008251303085,1,-0.014519,CRITICAL,1,0.5819139010574744,3.597397013361636,0.1677788791145969,3.548648041380811,0.8321090189511975,3.4889565346425666,1.644271843972368
163,6,19,0,3.636001212924862,0.0,1.095640626655001e-14,3.636001212924851,0.10000000000010902,0.9150938840179367,0.9067022395697234,1.0,0.9496389127611239,51.4060835290104,0.19350279906663234,1,-0.014906,CRITICAL,1,0.8018449771498579,3.6929924640470007,0.0230192874101092,3.597397013361636,0.1677788791145969,3.548648041380811,0.8321090189511975
164,6,20,1,3.542159851481667,0.0,9.083120973482883e-15,3.542159851481658,0.10000000000009038,0.9174634179428908,0.8970098502487607,1.0,0.9510380873510287,50.00279147058229,0.18292229041581567,1,-0.012537,CRITICAL,1,0.8786181454742198,3.636001212924862,0.0,3.6929924640470007,0.0230192874101092,3.597397013361636,0.1677788791145969
165,6,21,1,3.445400274540285,0.0,7.530144338551309e-15,3.4454002745402774,0.10000000000007492,0.9198951136725836,0.9173546721612322,1.0,0.9524743623172934,48.5607498901164,0.17236931834888242,1,-0.010105,CRITICAL,1,0.6810756958391345,3.542159851481667,0.0,3.636001212924862,0.0,3.6929924640470007,0.0230192874101092
166,6,22,1,3.1801569005833006,0.0,6.241971612331076e-15,3.1801569005832944,0.10000000000006211,0.9265023722480197,0.9155817129776758,1.0,0.9563789273948533,44.6326669886858,0.14525924235321602,1,-0.003498,HIGH,1,0.7037245086931889,3.445400274540285,0.0,3.542159851481667,0.0,3.636001212924862,0.0
167,6,23,1,2.726565112980684,0.0,5.17466153486135e-15,2.7265651129806785,0.10000000000005149,0.9376099578768614,0.93277139952698,1.0,0.9629494832859476,37.99691249128108,0.10485429479889215,1,0.00761,MODERATE,0,0.45852453071831356,3.1801569005833006,0.0,3.445400274540285,0.0,3.542159851481667,0.0
168,7,0,1,2.110788316157317,0.0,4.290054590912985e-15,2.1107883161573127,0.1000000000000427,0.9523259110555508,0.9625899741400169,1.0,0.9716668556176846,29.144209006487507,0.061363866293959485,1,0.022326,NORMAL,0,0.12396590444523295,2.726565112980684,0.0,3.1801569005833006,0.0,3.445400274540285,0.0
169,7,1,1,1.7719924380565144,0.0,3.556929358934863e-15,1.7719924380565109,0.1000000000000354,0.960255157850102,0.9484229973752912,1.0,0.97636965114574,24.345659594015398,0.042701014846946786,1,0.030255,NORMAL,0,0.24873323171869027,2.110788316157317,0.0,2.726565112980684,0.0,3.1801569005833006,0.0
170,7,2,1,1.6935749198457644,0.0,2.9486898131612163e-15,1.6935749198457615,0.10000000000002934,0.9620742788521424,0.955422798840819,1.0,0.9774491170498856,23.24199160844116,0.03889242866089045,1,0.032074,NORMAL,0,0.1786724240010598,1.7719924380565144,0.0,2.110788316157317,0.0,2.726565112980684,0.0
171,7,3,1,1.6747435391098815,0.0,2.444521672557965e-15,1.674743539109879,0.10000000000002433,0.96251023835711,0.9580998693869263,1.0,0.9777078458505799,22.97733929375239,0.038005953050574595,1,0.03251,NORMAL,0,0.15630363708733072,1.6935749198457644,0.0,1.7719924380565144,0.0,2.110788316157317,0.0
172,7,4,1,1.6864535217667156,0.0,2.027079702930044e-15,1.6864535217667136,0.10000000000002017,0.9622391844753225,0.9633481592085144,1.0,0.9775469821700256,23.141891471379648,0.03855591662382322,1,0.032239,NORMAL,0,0.11910955634734957,1.6747435391098815,0.0,1.6935749198457644,0.0,1.7719924380565144,0.0
173,7,5,1,1.8633044791705555,0.0,1.6801750190287242e-15,1.8633044791705538,0.10000000000001673,0.9581293286704815,0.9525518982696373,1.0,0.9751084460066597,25.634093047714845,0.04737564553795466,1,0.028129,NORMAL,0,0.20536175413261132,1.6864535217667156,0.0,1.6747435391098815,0.0,1.6935749198457644,0.0
174,7,6,0,2.3708577837577325,0.1692447747101061,1.3934004803369667e-15,2.201613009047625,0.10000000000001387,0.9508678347217909,0.9543252843925099,1.0,0.9716207742052444,31.07396867787122,0.06629684753289296,1,0.020868,NORMAL,0,0.188541200197611,1.8633044791705555,0.0,1.6864535217667156,0.0,1.6747435391098815,0.0
175,7,7,0,2.711578559478225,0.826379490542291,1.155192597391394e-15,1.8851990689359328,0.1000000000000115,0.9523043848416806,0.9485657617673204,1.0,0.9798752196673258,29.86158394702157,0.07743556093216566,1,0.022304,NORMAL,0,0.2471360190100894,2.3708577837577325,0.1692447747101061,1.8633044791705555,0.0,1.6864535217667156,0.0
176,7,8,0,2.9096096812999312,0.9544751346197884,9.57456927567642e-16,1.955134546680142,0.10000000000000953,0.9495001306144643,0.9499210201691451,1.0000464041875208,0.9795412675312729,31.59913582175769,0.09202124746641424,1,0.0195,NORMAL,0,0.2323192933644167,2.711578559478225,0.826379490542291,2.3708577837577325,0.1692447747101061,1.8633044791705555,0.0
177,7,9,0,3.3965081579471965,1.3288183056625549,7.93255377187684e-16,2.0676898522846408,0.1000000000000079,0.9431515898821238,0.9441139286233845,1.0128480826793775,0.9795849104216199,35.594557638502316,0.13960577845554303,1,0.013152,NORMAL,0,0.300097058995968,2.9096096812999312,0.9544751346197884,2.711578559478225,0.826379490542291,2.3708577837577325,0.1692447747101061
178,7,10,0,3.50145843735648,1.792837102565063,6.579625504661694e-16,1.7086213347914163,0.10000000000000656,0.9462510168473195,0.9463158918409661,1.03803238200818,0.9859325022980125,34.15654050251206,0.18954711145649372,1,0.016251,NORMAL,0,0.27309947940159196,3.3965081579471965,1.3288183056625549,2.9096096812999312,0.9544751346197884,2.711578559478225,0.826379490542291
179,7,11,0,3.5088738336705534,2.415045436004034,5.457967026714094e-16,1.093828397666519,0.10000000000000543,0.9527764333583337,0.9458725161072572,1.0719368186856901,0.9953789494143743,31.59216193764668,0.2825030651298489,1,0.022776,NORMAL,0,0.27841226950241826,3.50145843735648,1.792837102565063,3.3965081579471965,1.3288183056625549,2.9096096812999312,0.9544751346197884
180,7,12,0,3.49135246677837,2.574356689562772,4.521324380180531e-16,0.9169957772155977,0.1000000000000045,0.9547681407857126,0.9599510244432996,1.0805611497541499,0.9979072817484299,30.934578716744525,0.3112220668065342,1,0.024768,NORMAL,0,0.14220914723278175,3.5088738336705534,2.415045436004034,3.50145843735648,1.792837102565063,3.3965081579471965,1.3288183056625549
181,7,13,0,3.496273527882174,2.4625524203276057,3.746570586134251e-16,1.0337211075545678,0.10000000000000374,0.9535399334652828,0.9481599252636539,1.0746756472073842,0.9962355071640424,31.295364945693283,0.2905615380868225,1,0.02354,NORMAL,0,0.251694453053523,3.49135246677837,2.574356689562772,3.5088738336705534,2.415045436004034,3.50145843735648,1.792837102565063
182,7,14,0,3.4466801606768205,2.333167997493156,3.110578665648499e-16,1.1135121631836642,0.1000000000000031,0.9533281474899287,0.9573482933687132,1.068878454217331,0.9949923066610923,31.092420148890305,0.2659202556979646,1,0.023328,NORMAL,0,0.16234296271187582,3.496273527882174,2.4625524203276057,3.49135246677837,2.574356689562772,3.5088738336705534,2.415045436004034
183,7,15,0,3.47192245123881,1.4651371526613368,2.578658150333142e-16,2.006785298577473,0.10000000000000257,0.9430896664257704,0.940676801348418,1.0194756484670184,0.9809042797741557,35.71502764195307,0.154529834291918,1,0.01309,NORMAL,0,0.34510909481231855,3.4466801606768205,2.333167997493156,3.496273527882174,2.4625524203276057,3.49135246677837,2.574356689562772
184,7,16,0,3.530350934333764,0.5959646269090664,2.1392455507248037e-16,2.9343863074246976,0.10000000000000213,0.9302886434794636,0.9262141244420818,1.0,0.9640312030388376,43.536481647309486,0.1327186778374257,1,0.000289,MODERATE,1,0.556545205952424,3.47192245123881,1.4651371526613368,3.4466801606768205,2.333167997493156,3.496273527882174,2.4625524203276057
185,7,17,0,3.5488665689350816,0.2425313344992626,1.7692138878967297e-16,3.306335234435819,0.10000000000000177,0.9245378536669725,0.9289013559529653,1.0,0.9563709377621963,47.39049055916256,0.15585365723875022,1,-0.005462,HIGH,1,0.5164736959195665,3.530350934333764,0.5959646269090664,3.47192245123881,1.4651371526613368,3.4466801606768205,2.333167997493156
186,7,18,0,3.66946212322815,0.0231682043952142,1.4685631618489194e-16,3.646293918832936,0.10000000000000146,0.916088077114,0.9046218762190678,1.0,0.9496748146137879,51.63732469107429,0.19405876113834328,1,-0.013912,CRITICAL,1,0.8209338770141196,3.5488665689350816,0.2425313344992626,3.530350934333764,0.5959646269090664,3.47192245123881,1.4651371526613368
187,7,19,0,3.654788303019041,0.0,1.2141663936546183e-16,3.654788303019041,0.10000000000000121,0.9146181658425124,0.9086439157646831,1.0,0.9493580541666894,51.68758973498222,0.1956623279530601,1,-0.015382,CRITICAL,1,0.7826820492433544,3.66946212322815,0.0231682043952142,3.5488665689350816,0.2425313344992626,3.530350934333764,0.5959646269090664
188,7,20,1,3.517543433081278,0.0,1.0060235833138266e-16,3.517543433081278,0.100000000000001,0.9180831641285436,0.9112298814078824,1.0,0.9514041009819606,49.63545621111552,0.1802033805544681,1,-0.011917,CRITICAL,1,0.7551382566601951,3.654788303019041,0.0,3.66946212322815,0.0231682043952142,3.5488665689350816,0.2425313344992626
189,7,21,1,3.404070985833344,0.0,8.32571241363167e-17,3.404070985833344,0.10000000000000084,0.9209302481014446,0.91928051048068,1.0,0.9530858827414633,47.9463020633611,0.1679709617479048,1,-0.00907,HIGH,1,0.65546954946723,3.517543433081278,0.0,3.654788303019041,0.0,3.66946212322815,0.0231682043952142
190,7,22,1,3.1200256425989803,0.0,6.93809367802639e-17,3.1200256425989803,0.1000000000000007,0.927988545656978,0.9277715211095642,1.0,0.9572575837865077,43.74714624974797,0.1394768945698395,1,-0.002011,HIGH,1,0.5333774712273749,3.404070985833344,0.0,3.517543433081278,0.0,3.654788303019041,0.0
191,7,23,1,2.6546149641196117,0.0,5.781744731688659e-17,2.6546149641196117,0.10000000000000057,0.9393504966790889,0.9386235381044287,1.0,0.9639798092763574,36.953475085791474,0.09911246375271976,1,0.00935,MODERATE,0,0.37345752652222075,3.1200256425989803,0.0,3.404070985833344,0.0,3.517543433081278,0.0
192,8,0,1,2.0801263072269376,0.0,4.7410306799847006e-17,2.0801263072269376,0.10000000000000048,0.9530482813229648,0.9546577255009626,1.0,0.9720951259763074,28.70787345448121,0.05952497717533926,1,0.023048,NORMAL,0,0.1855084635829964,2.6546149641196117,0.0,3.1200256425989803,0.0,3.404070985833344,0.0
193,8,1,1,1.7025706592571903,0.0,3.931586417548288e-17,1.7025706592571903,0.1000000000000004,0.9618659001213967,0.95793140661485,1.0,0.9773254547340376,23.368468388054932,0.03931973209050846,1,0.031866,NORMAL,0,0.15764121198719658,2.0801263072269376,0.0,2.6546149641196117,0.0,3.1200256425989803,0.0
194,8,2,1,1.5942370720447985,0.0,3.237777049745649e-17,1.5942370720447985,0.10000000000000032,0.9643701665156872,0.9615970318668176,1.0,0.9788117893973693,21.84758923092899,0.034338159521622204,1,0.03437,NORMAL,0,0.13058208268901347,1.7025706592571903,0.0,2.0801263072269376,0.0,2.6546149641196117,0.0
195,8,3,1,1.572395551515564,0.0,2.6596025765767832e-17,1.572395551515564,0.10000000000000027,0.9648736963787481,0.9670575086601894,1.0,0.9791106918175779,21.54155135738401,0.03337702579138665,1,0.034874,NORMAL,0,0.09766430142655255,1.5942370720447985,0.0,1.7025706592571903,0.0,2.0801263072269376,0.0
196,8,4,1,1.5870173254917652,0.0,2.19706299804169e-17,1.5870173254917652,0.10000000000000023,0.9645366594540263,0.9720055071622749,1.0,0.9789106202170341,21.746406081426866,0.03401885775640123,1,0.034537,NORMAL,0,0.07444517433430424,1.572395551515564,0.0,1.5942370720447985,0.0,1.7025706592571903,0.0
197,8,5,1,1.790577725266688,0.0,1.850158314140371e-17,1.790577725266688,0.10000000000000019,0.9598231391099025,0.9652712035476211,1.0,0.97611332161536,24.607614634156917,0.04363147995039243,1,0.029823,NORMAL,0,0.10752527930459228,1.5870173254917652,0.0,1.572395551515564,0.0,1.5942370720447985,0.0
198,8,6,0,2.274630479023882,0.1568922063915169,1.5032536302390512e-17,2.1177382726323652,0.10000000000000016,0.9528680847871526,0.9530330900470447,1.0,0.9727036827784006,29.830811386169398,0.061119985153417114,1,0.022868,NORMAL,0,0.20069032463345926,1.790577725266688,0.0,1.5870173254917652,0.0,1.572395551515564,0.0
199,8,7,0,2.690835647543242,0.5897829949244625,1.271983840971505e-17,2.1010526526187796,0.10000000000000013,0.9495980799394061,0.9473534619672069,1.0,0.975663847395846,31.580590215709147,0.07324673116666114,1,0.019598,NORMAL,0,0.26091703113624365,2.274630479023882,0.1568922063915169,1.790577725266688,0.0,1.5870173254917652,0.0
200,8,8,0,2.8745705527201904,1.564811171346211,1.0407140517039587e-17,1.3097593813739794,0.1000000000000001,0.9577141822518441,0.9616482235696507,1.0380219380554816,0.990570128593722,27.126780639929727,0.13660437323593627,1,0.027714,NORMAL,0,0.13023376930563854,2.690835647543242,0.5897829949244625,2.274630479023882,0.1568922063915169,1.790577725266688,0.0
201,8,9,0,3.3927118783776926,2.02162530143926,8.094442624364123e-18,1.3710865769384326,0.10000000000000009,0.9512435708211998,0.9523628402426431,1.0531415914231192,0.9909940956075467,31.61155459597009,0.21468427957762903,1,0.021244,NORMAL,0,0.20721906529377082,2.8745705527201904,1.564811171346211,2.690835647543242,0.5897829949244625,2.274630479023882,0.1568922063915169
202,8,10,0,3.4329991128463035,2.142912928704706,6.9380936780263914e-18,1.2900861841415976,0.10000000000000007,0.9516426096754054,0.9469525505132084,1.0589532679932845,0.9923219143782623,31.616316034013835,0.23441288170706956,1,0.021643,NORMAL,0,0.26558232647102037,3.3927118783776926,2.02162530143926,2.8745705527201904,1.564811171346211,2.690835647543242,0.5897829949244625
203,8,11,0,3.469919889088058,2.857711350109441,5.781744731688659e-18,0.6122085389786167,0.10000000000000006,0.957985151240787,0.959521475623284,1.0952881516230157,1.002140889735993,30.144174315796622,0.3680213488458117,1,0.027985,NORMAL,0,0.14538215991273407,3.4329991128463035,2.142912928704706,3.3927118783776926,2.02162530143926,2.8745705527201904,1.564811171346211
204,8,12,0,3.37885152133133,2.755702355281266,4.625395785350927e-18,0.6231491660500641,0.10000000000000005,0.9590304403780562,0.9485408866231527,1.0919987304450838,1.0019150650338027,29.27826979476682,0.34389771484197507,1,0.02903,NORMAL,0,0.24741381967250972,3.469919889088058,2.857711350109441,3.4329991128463035,2.142912928704706,3.3927118783776926,2.02162530143926
205,8,13,0,3.3313944283000323,2.765545213651288,3.4690468390131957e-18,0.5658492146487442,0.10000000000000003,0.9601723585150436,0.9548880857084794,1.0934271655908345,1.002663804759274,28.73954544031705,0.3446544798910409,1,0.030172,NORMAL,0,0.18342915742215737,3.37885152133133,2.755702355281266,3.469919889088058,2.857711350109441,3.4329991128463035,2.142912928704706
206,8,14,0,3.322317572339843,1.9470043670804127,2.3126978926754637e-18,1.3753132052594303,0.10000000000000003,0.9520093785622177,0.9471962508239633,1.0504592837834499,0.9907654799708364,31.04058416052745,0.20126298713225124,1,0.022009,NORMAL,0,0.2627401185576892,3.3313944283000323,2.765545213651288,3.37885152133133,2.755702355281266,3.469919889088058,2.857711350109441
207,8,15,0,3.342419320607924,1.7610486788964197,2.3126978926754637e-18,1.581370641711504,0.10000000000000003,0.9494854301995899,0.9428468455605603,1.039551562667269,0.9875472350312838,32.21744847439506,0.1781874423643059,1,0.019485,NORMAL,0,0.31630375439754127,3.322317572339843,1.9470043670804127,3.3313944283000323,2.765545213651288,3.37885152133133,2.755702355281266
208,8,16,0,3.37038936481723,1.2908274321923496,2.3126978926754637e-18,2.0795619326248804,0.10000000000000003,0.9432790088860684,0.9453585216742346,1.0110856381849553,0.9792783794060024,35.49869084612264,0.13546858735609116,1,0.013279,NORMAL,0,0.28465005651822545,3.342419320607924,1.7610486788964197,3.322317572339843,1.9470043670804127,3.3313944283000323,2.765545213651288
209,8,17,0,3.387132059218568,0.5720915519509255,2.3126978926754637e-18,2.8150405072676428,0.10000000000000003,0.9333068934473345,0.9561737081067465,1.0,0.9655865767258006,41.68841390489769,0.12156932336721332,1,0.003307,MODERATE,0,0.17215617129710337,3.37038936481723,1.2908274321923496,3.342419320607924,1.7610486788964197,3.322317572339843,1.9470043670804127
210,8,18,0,3.511798328750169,0.1124647260066208,2.3126978926754637e-18,3.3993336027435483,0.10000000000000003,0.9233577621968133,0.9257909644459156,1.0,0.9540429541986948,48.26852345944646,0.1654506647633594,1,-0.006642,HIGH,1,0.5628021072994137,3.387132059218568,0.5720915519509255,3.37038936481723,1.2908274321923496,3.342419320607924,1.7610486788964197
211,8,19,0,3.452070698603652,0.0,2.3126978926754637e-18,3.452070698603652,0.10000000000000003,0.9197278491842455,0.9295172897838209,1.0,0.9523755552001244,48.66000357246835,0.17308529977413997,1,-0.010272,CRITICAL,1,0.5072401471435977,3.511798328750169,0.1124647260066208,3.387132059218568,0.5720915519509255,3.37038936481723,1.2908274321923496
212,8,20,1,3.3592418819827783,0.0,2.3126978926754637e-18,3.3592418819827783,0.10000000000000003,0.9220506749292355,0.917640651678733,1.0,0.9537478719749722,47.280826684467606,0.1632734215048318,1,-0.007949,HIGH,1,0.6773370875915635,3.452070698603652,0.0,3.511798328750169,0.1124647260066208,3.387132059218568,0.5720915519509255
213,8,21,1,3.2570688883873697,0.0,2.3126978926754637e-18,3.2570688883873697,0.10000000000000003,0.9245952061908453,0.919093434490897,1.0,0.9552515865327055,45.76797107633022,0.15284947923111372,1,-0.005405,HIGH,1,0.657999940654285,3.3592418819827783,0.0,3.452070698603652,0.0,3.511798328750169,0.1124647260066208
214,8,22,1,2.91975179485132,0.0,2.3126978926754637e-18,2.91975179485132,0.10000000000000003,0.9329079911625145,0.9255370632128361,1.0,0.9601671031436282,40.8108005219279,0.1211649973306881,1,0.002908,MODERATE,1,0.5665468858410111,3.2570688883873697,0.0,3.3592418819827783,0.0,3.452070698603652,0.0
215,8,23,1,2.2521333389699887,0.0,2.3126978926754637e-18,2.2521333389699887,0.10000000000000003,0.9489834625145029,0.9433397477390274,1.0,0.9696856545228018,31.1610031702195,0.07023373379933007,1,0.018983,NORMAL,0,0.30994319867767367,2.91975179485132,0.0,3.2570688883873697,0.0,3.3592418819827783,0.0
216,9,0,1,1.890626463706919,0.0,2.3126978926754637e-18,1.890626463706919,0.10000000000000003,0.9574916482911443,0.9521402750152955,1.0,0.9747301800983385,26.02030464723346,0.04882490024487038,1,0.027492,NORMAL,0,0.20942141515931173,2.2521333389699887,0.0,2.91975179485132,0.0,3.2570688883873697,0.0
217,9,1,1,1.7072100431043535,0.0,2.3126978926754637e-18,1.7072100431043535,0.10000000000000003,0.9617584020468749,0.963126092607158,1.0,0.9772616610779312,23.433709704689452,0.0395410760391709,1,0.031758,NORMAL,0,0.1205146529797721,1.890626463706919,0.0,2.2521333389699887,0.0,2.91975179485132,0.0
218,9,2,1,1.6474094502756604,0.0,2.3126978926754637e-18,1.6474094502756604,0.10000000000000003,0.963142432229315,0.9672030638119385,1.0,0.9780830547682035,22.59345590584919,0.036738506881079075,1,0.033142,NORMAL,0,0.09689736961339077,1.7072100431043535,0.0,1.890626463706919,0.0,2.2521333389699887,0.0
219,9,3,1,1.6083433831001137,0.0,2.3126978926754637e-18,1.6083433831001137,0.10000000000000003,0.9640447202158478,0.9563323602783537,1.0,0.9786186082283956,22.045348502921993,0.03496658663973373,1,0.034045,NORMAL,0,0.17080375068010056,1.6474094502756604,0.0,1.7072100431043535,0.0,1.890626463706919,0.0
220,9,4,1,1.5834471137174324,0.0,2.3126978926754637e-18,1.5834471137174324,0.10000000000000003,0.9646189728959684,0.9690291005318552,1.0,0.9789594824114426,21.696378342587185,0.03386154418526714,1,0.034619,NORMAL,0,0.08772408177419685,1.6083433831001137,0.0,1.6474094502756604,0.0,1.7072100431043535,0.0
221,9,5,1,1.7618289907876827,0.0,2.3126978926754637e-18,1.7618289907876827,0.10000000000000003,0.960491266306249,0.9655956002549646,1.0,0.9765097462098306,24.202470224811957,0.04219670556425151,1,0.030491,NORMAL,0,0.10567168112460919,1.5834471137174324,0.0,1.6083433831001137,0.0,1.6474094502756604,0.0
222,9,6,0,2.2176545120876967,0.1439089105974402,2.3126978926754637e-18,2.0737456014902564,0.10000000000000003,0.9539654569845507,0.9502508767626515,1.0,0.9732247739188463,29.154307571893938,0.05846838838912628,1,0.023965,NORMAL,0,0.22880827176008842,1.7618289907876827,0.0,1.5834471137174324,0.0,1.6083433831001137,0.0
223,9,7,0,2.598182251177892,0.6719169727630988,2.3126978926754637e-18,1.926265278414793,0.10000000000000003,0.9528089817667321,0.9580833627939391,1.0,0.9785145717539526,29.56224984115852,0.06853388447887078,1,0.022809,NORMAL,0,0.1564342877977105,2.2176545120876967,0.1439089105974402,1.7618289907876827,0.0,1.5834471137174324,0.0
224,9,8,0,2.8931820398423005,1.30678133508835,2.3126978926754637e-18,1.5864007047539506,0.10000000000000003,0.9542640979957685,0.952559014090556,1.0223304196244871,0.9859972623061695,28.87838391020158,0.11262707123479254,1,0.024264,NORMAL,0,0.20529208977226965,2.598182251177892,0.6719169727630988,2.2176545120876967,0.1439089105974402,1.7618289907876827,0.0
225,9,9,0,3.338942183102072,1.7007940757783917,2.3126978926754637e-18,1.6381481073236803,0.10000000000000003,0.9488771755833608,0.9475378262050982,1.0361641263089514,0.9866177629562686,32.4967140183982,0.17102265929977195,1,0.018877,NORMAL,0,0.25878951885343643,2.8931820398423005,1.30678133508835,2.598182251177892,0.6719169727630988,2.2176545120876967,0.1439089105974402
226,9,10,0,3.4141458498462742,2.1649780195281974,2.3126978926754637e-18,1.2491678303180769,0.10000000000000003,0.9522993277720575,0.9417917097506526,1.060535368589407,0.9929053476904675,31.2914382172856,0.23709381238809174,1,0.022299,NORMAL,0,0.33015091225798826,3.338942183102072,1.7007940757783917,2.8931820398423005,1.30678133508835,2.598182251177892,0.6719169727630988
227,9,11,0,3.4100051449098934,2.655644430845739,2.3126978926754637e-18,0.7543607140641542,0.10000000000000003,0.9573748256875687,0.9583572245458143,1.0863347664905791,1.000116214750778,29.804559011239785,0.3244541829845807,1,0.027375,NORMAL,0,0.15427813802322787,3.4141458498462742,2.1649780195281974,3.338942183102072,1.7007940757783917,2.8931820398423005,1.30678133508835
228,9,12,0,3.420661203365936,2.8364846104522456,2.3126978926754637e-18,0.5841765929136904,0.10000000000000003,0.9588745539725145,0.9556478657582989,1.0952046601362904,1.0024869677814108,29.6278115555773,0.36207800222665965,1,0.028875,NORMAL,0,0.17669932054739074,3.4100051449098934,2.655644430845739,3.4141458498462742,2.1649780195281974,3.338942183102072,1.7007940757783917
229,9,13,0,3.4576673900348385,2.6655383778339368,2.3126978926754637e-18,0.7921290122009017,0.10000000000000003,0.9564134623190446,0.9563698954662566,1.0858898361944822,0.9996364059950111,30.33340497890003,0.3279067813289247,1,0.026413,NORMAL,0,0.1704850209811126,3.420661203365936,2.8364846104522456,3.4100051449098934,2.655644430845739,3.4141458498462742,2.1649780195281974
230,9,14,0,3.452619276276698,2.192171761575319,2.3126978926754637e-18,1.260447514701379,0.10000000000000003,0.9517247492866052,0.9642949288491244,1.0612190385371976,0.9928092196839732,31.670643109478082,0.2429034720246644,1,0.021725,NORMAL,0,0.11327707708504632,3.4576673900348385,2.6655383778339368,3.420661203365936,2.8364846104522456,3.4100051449098934,2.655644430845739
231,9,15,0,3.4665822270568865,1.2745233163094705,2.3126978926754637e-18,2.192058910747416,0.10000000000000003,0.9408732877888945,0.9468390282852004,1.007984594575391,0.9776783131758181,36.94985657302775,0.14014589331371502,1,0.010873,NORMAL,0,0.26691298541079544,3.452619276276698,2.192171761575319,3.4576673900348385,2.6655383778339368,3.420661203365936,2.8364846104522456
232,9,16,0,3.4781808180306624,0.9265142151725,2.3126978926754637e-18,2.5516666028581625,0.10000000000000003,0.936103096124895,0.9371521253374299,1.0,0.971191374086248,39.824750924026866,0.12666054487746695,1,0.006103,MODERATE,0,0.39433469091084095,3.4665822270568865,1.2745233163094705,3.452619276276698,2.192171761575319,3.4576673900348385,2.6655383778339368
233,9,17,0,3.5738348374942754,0.5571772482821374,2.3126978926754637e-18,3.016657589212138,0.10000000000000003,0.9287005073945965,0.9284017087637694,1.0,0.9626260528661461,44.5416921120885,0.13784302044699914,1,-0.001299,HIGH,1,0.5239560124159968,3.4781808180306624,0.9265142151725,3.4665822270568865,1.2745233163094705,3.452619276276698,2.192171761575319
234,9,18,0,3.692152898574313,0.0668226737232512,2.3126978926754637e-18,3.6253302248510617,0.10000000000000003,0.9182603196371368,0.9108159045195409,1.0,0.9503390683161094,51.47282922083387,0.19070742714527883,1,-0.01174,CRITICAL,1,0.7597018717518604,3.5738348374942754,0.5571772482821374,3.4781808180306624,0.9265142151725,3.4665822270568865,1.2745233163094705
235,9,19,0,3.5969102681599687,0.0,2.3126978926754637e-18,3.5969102681599687,0.10000000000000003,0.9160822944627662,0.9203174188568012,1.0,0.9502225081773941,50.820951041365014,0.18905367093639222,1,-0.013918,CRITICAL,1,0.6412870919767517,3.692152898574313,0.0668226737232512,3.5738348374942754,0.5571772482821374,3.4781808180306624,0.9265142151725
236,9,20,1,3.53704975338396,0.0,2.3126978926754637e-18,3.53704975338396,0.10000000000000003,0.9175921326465768,0.9191211175002649,1.0,0.9511141023606342,49.92651031341853,0.18235594983417508,1,-0.012408,CRITICAL,1,0.6576260621685881,3.5969102681599687,0.0,3.692152898574313,0.0668226737232512,3.5738348374942754,0.5571772482821374
237,9,21,1,3.422959290441306,0.0,2.3126978926754637e-18,3.422959290441306,0.10000000000000003,0.9204574313973296,0.9113567802193674,1.0,0.9528065505933494,48.227006333567715,0.16997303334950697,1,-0.009543,HIGH,1,0.7537276738213573,3.53704975338396,0.0,3.5969102681599687,0.0,3.692152898574313,0.0668226737232512
238,9,22,1,3.135009390124742,0.0,2.3126978926754637e-18,3.135009390124742,0.10000000000000003,0.9276186136978782,0.9170263080800349,1.0,0.9570388586812738,43.96763389179264,0.1409053651992234,1,-0.002381,HIGH,1,0.6853398146547779,3.422959290441306,0.0,3.53704975338396,0.0,3.5969102681599687,0.0
239,9,23,1,2.5892358743459782,0.0,2.3126978926754637e-18,2.5892358743459782,0.10000000000000003,0.9409271375437239,0.9276976112735634,1.0,0.9649132840949395,36.00745016845646,0.09404952759201393,1,0.010927,NORMAL,1,0.5344810132377475,3.135009390124742,0.0,3.422959290441306,0.0,3.53704975338396,0.0
240,10,0,1,2.0397243168743637,0.0,2.3126978926754637e-18,2.0397243168743637,0.10000000000000003,0.9539986566586126,0.9562903737307447,1.0,0.9726586234844223,28.133563637505944,0.05714797174738664,1,0.023999,NORMAL,0,0.17116083948273325,2.5892358743459782,0.0,3.135009390124742,0.0,3.422959290441306,0.0
241,10,1,1,1.7882766560141945,0.0,2.3126978926754637e-18,1.7882766560141945,0.10000000000000003,0.9598766462769432,0.9514757316376702,1.0,0.9761450683730809,24.575173682253926,0.04351569760332992,1,0.029877,NORMAL,0,0.21609937311975896,2.0397243168743637,0.0,2.5892358743459782,0.0,3.135009390124742,0.0
242,10,2,1,1.7442515712085933,0.0,2.3126978926754637e-18,1.7442515712085933,0.10000000000000003,0.9608993717421711,0.9671827997949853,1.0,0.9767519039491876,23.954931047402063,0.04133204488249267,1,0.030899,NORMAL,0,0.09700381791476753,1.7882766560141945,0.0,2.0397243168743637,0.0,2.5892358743459782,0.0
243,10,3,1,1.707711854644619,0.0,2.3126978926754637e-18,1.707711854644619,0.10000000000000003,0.9617467734385222,0.9599253348142113,1.0,0.9772547602397558,23.440766969771488,0.039565056944264126,1,0.031747,NORMAL,0,0.14239727699935473,1.7442515712085933,0.0,1.7882766560141945,0.0,2.0397243168743637,0.0
244,10,4,1,1.7418892392391996,0.0,2.3126978926754637e-18,1.7418892392391996,0.10000000000000003,0.9609541964468991,0.9655420117662421,1.0,0.9767844361032598,23.921672764894918,0.04121656457876377,1,0.030954,NORMAL,0,0.10597592999233303,1.707711854644619,0.0,1.7442515712085933,0.0,1.7882766560141945,0.0
245,10,5,1,1.8874388681339025,0.0,2.3126978926754637e-18,1.8874388681339025,0.10000000000000003,0.9575660831961468,0.9675092928316308,1.0,0.9747743328604662,25.97522968881261,0.04865461414527018,1,0.027566,NORMAL,0,0.09530138091583847,1.7418892392391996,0.0,1.707711854644619,0.0,1.7442515712085933,0.0
246,10,6,0,2.382286178131452,0.1359469655428555,2.3126978926754637e-18,2.2463392125885964,0.10000000000000003,0.9501134970380234,0.949633500756918,1.0,0.9707616343239672,31.580552289812797,0.0689791390864849,1,0.020113,NORMAL,0,0.2354101839916497,1.8874388681339025,0.0,1.7418892392391996,0.0,1.707711854644619,0.0
247,10,7,0,2.7552461900608645,0.6199922103760507,2.3126978926754637e-18,2.135253979684814,0.10000000000000003,0.9485504346635213,0.9426156728126637,1.0,0.9753628297653695,32.22025373866955,0.07691923426756891,1,0.01855,NORMAL,0,0.31931091354639984,2.382286178131452,0.1359469655428555,1.8874388681339025,0.0,1.7418892392391996,0.0
248,10,8,0,2.948170932633406,1.3827752591942837,2.3126978926754637e-18,1.5653956734391221,0.10000000000000003,0.9539439936701669,0.9470477567494401,1.025733502731174,0.9865576979540549,29.139425573751776,0.12144222328167517,1,0.023944,NORMAL,0,0.26446963030557,2.7552461900608645,0.6199922103760507,2.382286178131452,0.1359469655428555,1.8874388681339025,0.0
249,10,9,0,3.377042967702609,2.1657794758232733,2.3126978926754637e-18,1.2112634918793357,0.10000000000000003,0.9531381407825914,0.9539828157535785,1.061336549190263,0.9934061777972448,30.82248097728857,0.23578122837595436,1,0.023138,NORMAL,0,0.1917050640816182,2.948170932633406,1.3827752591942837,2.7552461900608645,0.6199922103760507,2.382286178131452,0.1359469655428555
250,10,10,0,3.430421593917024,2.578879541341924,2.3126978926754637e-18,0.8515420525751001,0.10000000000000003,0.9561687470675612,0.9440201776095549,1.0820109144121022,0.998765564494403,30.206097127053816,0.3100632513275383,1,0.026169,NORMAL,0,0.30127986701117276,3.377042967702609,2.1657794758232733,2.948170932633406,1.3827752591942837,2.7552461900608645,0.6199922103760507
251,10,11,0,3.438676224292191,2.867443811003365,2.3126978926754637e-18,0.571232413288826,0.10000000000000003,0.9587683498000282,0.9463548411089149,1.096385121095982,1.0026774230746855,29.78660456009675,0.3692228073402998,1,0.028768,NORMAL,0,0.2726358019487452,3.430421593917024,2.578879541341924,3.377042967702609,2.1657794758232733,2.948170932633406,1.3827752591942837
252,10,12,0,3.429328052158562,2.950045281207058,2.3126978926754637e-18,0.47928277095150396,0.10000000000000003,0.9597472578414973,0.954367818707707,1.1006359800208538,1.0039176757044526,29.70027895499961,0.3870454451429587,1,0.029747,NORMAL,0,0.18815106230401524,3.438676224292191,2.867443811003365,3.430421593917024,2.578879541341924,3.377042967702609,2.1657794758232733
253,10,13,0,3.46246391013003,2.7823972699902533,2.3126978926754637e-18,0.6800666401397768,0.10000000000000003,0.9574348186554015,0.9523194268489497,1.0916839994887795,1.001202427984748,30.173167505068417,0.35187753176371767,1,0.027435,NORMAL,0,0.2076473070233746,3.429328052158562,2.950045281207058,3.438676224292191,2.867443811003365,3.430421593917024,2.578879541341924
254,10,14,0,3.403960497343283,2.438544399212082,2.3126978926754637e-18,0.9654160981312012,0.10000000000000003,0.9553558172673805,0.9475536477734868,1.0752804608150588,0.9970941833544863,30.251940627006952,0.2829672415427335,1,0.025356,NORMAL,0,0.2586074693274949,3.46246391013003,2.7823972699902533,3.429328052158562,2.950045281207058,3.438676224292191,2.867443811003365
255,10,15,0,3.4622804227096897,2.083287925207501,2.3126978926754637e-18,1.3789924975021886,0.10000000000000003,0.9503470469493923,0.9441162330225875,1.0550993188427835,0.9910237270435558,32.235978112944466,0.22660363869465464,1,0.020347,NORMAL,0,0.3000680190021018,3.403960497343283,2.438544399212082,3.46246391013003,2.7823972699902533,3.429328052158562,2.950045281207058
256,10,16,0,3.524895968171018,0.9004702785115004,2.3126978926754637e-18,2.6244256896595175,0.10000000000000003,0.9346665856611074,0.9419051250735929,1.0,0.9700479939168541,40.711248996409,0.12966748337041895,1,0.004667,MODERATE,0,0.32864773875987546,3.4622804227096897,2.083287925207501,3.403960497343283,2.438544399212082,3.46246391013003,2.7823972699902533
257,10,17,0,3.5261502910882427,0.1937883584161636,2.3126978926754637e-18,3.3323619326720793,0.10000000000000003,0.9243134811205478,0.9404007624614645,1.0,0.9556368449262688,47.58265988008501,0.15822829636114535,1,-0.005687,HIGH,0,0.34886186940506586,3.524895968171018,0.9004702785115004,3.4622804227096897,2.083287925207501,3.403960497343283,2.438544399212082
258,10,18,0,3.612270469026863,0.040650465823557,2.3126978926754637e-18,3.5716200032033063,0.10000000000000003,0.9189107327711822,0.912596074616694,1.0,0.9509293789548872,50.57950822908428,0.18519530809741036,1,-0.011089,CRITICAL,1,0.7396664259485278,3.5261502910882427,0.1937883584161636,3.524895968171018,0.9004702785115004,3.4622804227096897,2.083287925207501
259,10,19,0,3.5698959098893472,0.0,2.3126978926754637e-18,3.5698959098893472,0.10000000000000003,0.9167642236783033,0.9066497170588553,1.0,0.9506251839536459,50.41706418479198,0.18601384859801845,1,-0.013236,CRITICAL,1,0.8023452177726551,3.612270469026863,0.040650465823557,3.5261502910882427,0.1937883584161636,3.524895968171018,0.9004702785115004
260,10,20,1,3.4977521668163227,0.0,2.3126978926754637e-18,3.4977521668163227,0.10000000000000003,0.9185808842840961,0.9090505705383543,1.0,0.9516980664914473,49.340355927568375,0.17803435422735292,1,-0.011419,CRITICAL,1,0.7785033393959164,3.5698959098893472,0.0,3.612270469026863,0.040650465823557,3.5261502910882427,0.1937883584161636
261,10,21,1,3.408175230041489,0.0,2.3126978926754637e-18,3.408175230041489,0.10000000000000003,0.9208275468345505,0.9101428208763722,1.0,0.9530252072850451,48.0072805594077,0.16840483986142607,1,-0.009172,HIGH,1,0.7669968546030143,3.4977521668163227,0.0,3.5698959098893472,0.0,3.612270469026863,0.040650465823557
262,10,22,1,3.102204960922074,0.0,2.3126978926754637e-18,3.102204960922074,0.10000000000000003,0.9284281751102358,0.9291221861132447,1.0,0.9575175298592828,43.48505915128607,0.1377886430548315,1,-0.001572,HIGH,1,0.5131641653192262,3.408175230041489,0.0,3.4977521668163227,0.0,3.5698959098893472,0.0
263,10,23,1,2.561650607196912,0.0,2.3126978926754637e-18,2.561650607196912,0.10000000000000003,0.9415909666677562,0.9476949287338571,1.0,0.9653063625727495,35.60889640870904,0.09195715938798996,1,0.011591,NORMAL,0,0.256985533014904,3.102204960922074,0.0,3.408175230041489,0.0,3.4977521668163227,0.0
264,11,0,1,1.962793193167353,0.0,2.3126978926754637e-18,1.962793193167353,0.10000000000000003,0.9558037442759446,0.9574455424748757,1.0,0.9737290545706769,27.041966795235435,0.052765648199070564,1,0.025804,NORMAL,0,0.1615510441218917,2.561650607196912,0.0,3.102204960922074,0.0,3.408175230041489,0.0
265,11,1,1,1.7136786562702082,0.0,2.3126978926754637e-18,1.7136786562702082,0.10000000000000003,0.9616084844813896,0.9578789769838278,1.0,0.9771726951984933,23.524689658835783,0.039850794996369385,1,0.031608,NORMAL,0,0.15805939130518085,1.962793193167353,0.0,2.561650607196912,0.0,3.102204960922074,0.0
266,11,2,1,1.6651266535240676,0.0,2.3126978926754637e-18,1.6651266535240676,0.10000000000000003,0.9627327437391787,0.9594660679798535,1.0,0.977839900621131,22.842242903930508,0.037557428922420505,1,0.032733,NORMAL,0,0.14579569836469394,1.7136786562702082,0.0,1.962793193167353,0.0,2.561650607196912,0.0
267,11,3,1,1.6490481442147855,0.0,2.3126978926754637e-18,1.6490481442147855,0.10000000000000003,0.9631045521426016,0.9511947023338553,1.0,0.9780605721277662,22.61646112857273,0.03681384844309603,1,0.033105,NORMAL,0,0.21896943344367334,1.6651266535240676,0.0,1.7136786562702082,0.0,1.962793193167353,0.0
268,11,4,1,1.6693310781486772,0.0,2.3126978926754637e-18,1.6693310781486772,0.10000000000000003,0.9626354771683064,0.9730732089811205,1.0,0.9777821734837231,22.901301189674793,0.03775317228139518,1,0.032635,NORMAL,0,0.07014966977251944,1.6490481442147855,0.0,1.6651266535240676,0.0,1.7136786562702082,0.0
269,11,5,1,1.849111133254424,0.0,2.3126978926754637e-18,1.849111133254424,0.10000000000000003,0.958460302028467,0.963055349546158,1.0,0.9753047862700422,25.43358835366351,0.04663199415817119,1,0.02846,NORMAL,0,0.12096526525108198,1.6693310781486772,0.0,1.6490481442147855,0.0,1.6651266535240676,0.0
270,11,6,0,2.331744928215352,0.1460725558665658,2.3126978926754637e-18,2.1856723723487863,0.10000000000000003,0.9514131415159144,0.9569025240666083,1.0,0.9716811167015766,30.754887463018566,0.06519516986023853,1,0.021413,NORMAL,0,0.16601303768233247,1.849111133254424,0.0,1.6693310781486772,0.0,1.6490481442147855,0.0
271,11,7,0,2.685743616853127,0.700945318584653,2.3126978926754637e-18,1.9847982982684738,0.10000000000000003,0.9512233659697359,0.9655695968732794,1.0,0.9778703871450447,30.539921485146916,0.07350319692133236,1,0.021223,NORMAL,0,0.10581921911602285,2.331744928215352,0.1460725558665658,1.849111133254424,0.0,1.6693310781486772,0.0
272,11,8,0,2.959307750173817,1.4822324019804192,2.3126978926754637e-18,1.477075348193398,0.10000000000000003,0.9548694618117612,0.9584855127284709,1.0314082589202385,0.9880811395903708,28.69450625424406,0.13123770839765675,1,0.024869,NORMAL,0,0.15327649369709784,2.685743616853127,0.700945318584653,2.331744928215352,0.1460725558665658,1.849111133254424,0.0
273,11,9,0,3.334492581785646,2.140199112605281,2.3126978926754637e-18,1.1942934691803648,0.10000000000000003,0.9538183545078002,0.9479157169870646,1.0608201705647988,0.9935787039002374,30.387228200310233,0.23016121232514497,1,0.023818,NORMAL,0,0.2544641956689754,2.959307750173817,1.4822324019804192,2.685743616853127,0.700945318584653,2.331744928215352,0.1460725558665658
274,11,10,0,3.3693841220841425,2.5591970743447927,2.3126978926754637e-18,0.8101870477393498,0.10000000000000003,0.9573293683934281,0.9610374781593038,1.0822185136772533,0.9992791529140488,29.538995494927438,0.30434932825295014,1,0.027329,NORMAL,0,0.13444116411560397,3.334492581785646,2.140199112605281,2.959307750173817,1.4822324019804192,2.685743616853127,0.700945318584653
275,11,11,0,3.383515392632409,2.39404006122517,2.3126978926754637e-18,0.9894753314072386,0.10000000000000003,0.9553599744278524,0.9631901040095622,1.0733629362028025,0.9967133012214714,30.1337398834316,0.2742870490523074,1,0.02536,NORMAL,0,0.12010816846464346,3.3693841220841425,2.5591970743447927,3.334492581785646,2.140199112605281,2.959307750173817,1.4822324019804192
276,11,12,0,3.38058990886288,2.545636261573007,2.3126978926754637e-18,0.8349536472898733,0.10000000000000003,0.9569465838292206,0.9498269725575769,1.0812979080276686,0.998940151488891,29.700596027363396,0.302106020303604,1,0.026947,NORMAL,0,0.23332719990107423,3.383515392632409,2.39404006122517,3.3693841220841425,2.5591970743447927,3.334492581785646,2.140199112605281
277,11,13,0,3.4247605936144803,2.3468627207771444,2.3126978926754637e-18,1.0778978728373358,0.10000000000000003,0.953958548755539,0.9472987329754168,1.0700465372813557,0.9954817084705918,30.77908473946861,0.2674721031971075,1,0.023959,NORMAL,0,0.2615507622399604,3.38058990886288,2.545636261573007,3.383515392632409,2.39404006122517,3.3693841220841425,2.5591970743447927
278,11,14,0,3.4046968231347314,1.3820477834725506,2.3126978926754637e-18,2.0226490396621806,0.10000000000000003,0.9436170617988175,0.9335289082877429,1.0159127665994288,0.9803946801606674,35.34333642313374,0.14401259188735385,1,0.013617,NORMAL,0,0.4472632509129169,3.4247605936144803,2.3468627207771444,3.38058990886288,2.545636261573007,3.383515392632409,2.39404006122517
279,11,15,0,3.3987056714188744,1.4350977866805934,2.3126978926754637e-18,1.963607884738281,0.10000000000000003,0.9443974314171921,0.9422205527505629,1.0192460518001052,0.9813855619508537,34.90806466022215,0.1479248903391072,1,0.014397,NORMAL,0,0.3244856329855899,3.4046968231347314,1.3820477834725506,3.4247605936144803,2.3468627207771444,3.38058990886288,2.545636261573007
280,11,16,0,3.434801109860978,1.3397945006293035,2.3126978926754637e-18,2.0950066092316746,0.10000000000000003,0.9424112568192059,0.9394951007425868,1.0126884183722322,0.9792538909222465,36.04781081247402,0.1426144784593969,1,0.012411,NORMAL,0,0.36130465630232594,3.3987056714188744,1.4350977866805934,3.4046968231347314,1.3820477834725506,3.4247605936144803,2.3468627207771444
281,11,17,0,3.4988651172086658,0.3763144636064544,2.3126978926754637e-18,3.1225506536022114,0.10000000000000003,0.927787850122523,0.9210444861218134,1.0,0.959961044648765,45.24989703990285,0.14054160565087734,1,-0.002212,HIGH,1,0.631191283227651,3.434801109860978,1.3397945006293035,3.3987056714188744,1.4350977866805934,3.4046968231347314,1.3820477834725506
282,11,18,0,3.608990398867441,0.0267149711225765,2.3126978926754637e-18,3.5822754277448645,0.10000000000000003,0.9178940761511007,0.914565239930151,1.0,0.9506583964264124,50.691349765578806,0.18670821173087745,1,-0.012106,CRITICAL,1,0.7162804650869522,3.4988651172086658,0.3763144636064544,3.434801109860978,1.3397945006293035,3.3987056714188744,1.4350977866805934
283,11,19,0,3.5917023681853424,0.0,2.3126978926754637e-18,3.5917023681853424,0.10000000000000003,0.9162138300411583,0.9107885545685804,1.0,0.9503001768224558,50.743058362930384,0.1884654366083028,1,-0.013786,CRITICAL,1,0.7600013161862254,3.608990398867441,0.0267149711225765,3.4988651172086658,0.3763144636064544,3.434801109860978,1.3397945006293035
284,11,20,1,3.4731407317610694,0.0,2.3126978926754637e-18,3.4731407317610694,0.10000000000000003,0.9191991460788971,0.9222659027130922,1.0,0.9520632500729829,48.97367178610768,0.17535805823662315,1,-0.010801,CRITICAL,1,0.6139735212280237,3.5917023681853424,0.0,3.608990398867441,0.0267149711225765,3.4988651172086658,0.3763144636064544
285,11,21,1,3.357204803112191,0.0,2.3126978926754637e-18,3.357204803112191,0.10000000000000003,0.9221015300539513,0.9129590682968525,1.0,0.9537779210440431,47.25061155770936,0.16306176460368044,1,-0.007898,HIGH,1,0.7354507033016813,3.4731407317610694,0.0,3.5917023681853424,0.0,3.608990398867441,0.0267149711225765
286,11,22,1,3.085087833694442,0.0,2.3126978926754637e-18,3.085087833694442,0.10000000000000003,0.9288500978598728,0.9312790648918695,1.0,0.9577670182653709,43.23346856743105,0.1361779419447533,1,-0.00115,HIGH,0,0.4808234375952971,3.357204803112191,0.0,3.4731407317610694,0.0,3.5917023681853424,0.0
287,11,23,1,2.548535685843858,0.0,2.3126978926754637e-18,2.548535685843858,0.10000000000000003,0.9419062823959342,0.9400935415179971,1.0,0.9654930829771519,35.41953562210361,0.09097146235972747,1,0.011906,NORMAL,0,0.35306069647682564,3.085087833694442,0.0,3.357204803112191,0.0,3.4731407317610694,0.0
288,12,0,1,1.9690803957932448,0.0,2.3126978926754637e-18,1.9690803957932448,0.10000000000000003,0.9556564467234031,0.9585407169353655,1.0,0.9736416982883274,27.131081105106965,0.05311674769406648,1,0.025656,NORMAL,0,0.1528471137786545,2.548535685843858,0.0,3.085087833694442,0.0,3.357204803112191,0.0
289,12,1,1,1.7351538591182485,0.0,2.3126978926754637e-18,1.7351538591182485,0.10000000000000003,0.9611104804642249,0.9560427953416587,1.0,0.9768771737117861,23.82686110139619,0.04088825616041083,1,0.03111,NORMAL,0,0.17327850454560062,1.9690803957932448,0.0,2.548535685843858,0.0,3.085087833694442,0.0
290,12,2,1,1.6650370084570332,0.0,2.3126978926754637e-18,1.6650370084570332,0.10000000000000003,0.9627348174325332,0.9672538018797032,1.0,0.9778411313523229,22.840983767235983,0.03755326124103999,1,0.032735,NORMAL,0,0.09663129630302303,1.7351538591182485,0.0,1.9690803957932448,0.0,2.548535685843858,0.0
291,12,3,1,1.6345220526648407,0.0,2.3126978926754637e-18,1.6345220526648407,0.10000000000000003,0.9634402475531627,0.9600222554185953,1.0,0.9782598176203607,22.4125719584159,0.03614884057545022,1,0.03344,NORMAL,0,0.14168859437998224,1.6650370084570332,0.0,1.7351538591182485,0.0,1.9690803957932448,0.0
292,12,4,1,1.6224986871347935,0.0,2.3126978926754637e-18,1.6224986871347935,0.10000000000000003,0.9637179520090273,0.9615141616225072,1.0,0.9784246489832489,22.243877771692983,0.035603267140474626,1,0.033718,NORMAL,0,0.13114761784394982,1.6345220526648407,0.0,1.6650370084570332,0.0,1.7351538591182485,0.0
293,12,5,1,1.7972024057961489,0.0,2.3126978926754637e-18,1.7972024057961489,0.10000000000000003,0.9596690652644965,0.9675097474587268,1.0,0.9760219078487217,24.70102330998092,0.043965728896078644,1,0.029669,NORMAL,0,0.09529902909142977,1.6224986871347935,0.0,1.6345220526648407,0.0,1.6650370084570332,0.0
294,12,6,0,2.254867084266687,0.1684624443949535,2.3126978926754637e-18,2.0864046398717333,0.10000000000000003,0.9534854876181925,0.9583903497747126,1.0,0.9732197505149333,29.431864721704226,0.05934042256715566,1,0.023485,NORMAL,0,0.15401899254904813,1.7972024057961489,0.0,1.6224986871347935,0.0,1.6345220526648407,0.0
295,12,7,0,2.6626168035665843,0.6601253218931282,2.3126978926754637e-18,2.002491481673456,0.10000000000000003,0.9511959665010735,0.9462041950014204,1.0,0.9774082026293984,30.565815315142952,0.07183975422736408,1,0.021196,NORMAL,0,0.27443191819825474,2.254867084266687,0.1684624443949535,1.7972024057961489,0.0,1.6224986871347935,0.0
296,12,8,0,2.94954697723665,1.370410673004892,2.3126978926754637e-18,1.579136304231758,0.10000000000000003,0.9537656859818683,0.9587669716412023,1.0249632745153445,0.9863294982077522,29.234289697155425,0.12041495626424313,1,0.023766,NORMAL,0,0.1510975918966245,2.6626168035665843,0.6601253218931282,2.254867084266687,0.1684624443949535,1.7972024057961489,0.0
297,12,9,0,3.3022348334933174,1.9638356886263335,2.3126978926754637e-18,1.3383991448669839,0.10000000000000003,0.9526433741861826,0.9520626084721159,1.0518092346889634,0.9912937661987057,30.707133370291057,0.20279054956556108,1,0.022643,NORMAL,0,0.21019398731080785,2.94954697723665,1.370410673004892,2.6626168035665843,0.6601253218931282,2.254867084266687,0.1684624443949535
298,12,10,0,3.3399099987436918,1.7774714185997826,2.3126978926754637e-18,1.5624385801439091,0.10000000000000003,0.9497278381551572,0.9482472287616027,1.0405419871404742,0.9878450217344636,32.09803922247417,0.18004663307475982,1,0.019728,NORMAL,0,0.250709149605108,3.3022348334933174,1.9638356886263335,2.94954697723665,1.370410673004892,2.6626168035665843,0.6601253218931282
299,12,11,0,3.3320335083025583,2.409087542741439,2.3126978926754637e-18,0.9229459655611194,0.10000000000000003,0.9566572842166475,0.9584484231205491,1.0751865686350792,0.9976045473014689,29.474233757659636,0.27526153272519865,1,0.026657,NORMAL,0,0.15356553220980412,3.3399099987436918,1.7774714185997826,3.3022348334933174,1.9638356886263335,2.94954697723665,1.370410673004892
300,12,12,0,3.3528678851681626,2.045763855819785,2.3126978926754637e-18,1.3071040293483778,0.10000000000000003,0.9523980251136621,0.9520217678041754,1.055290524546541,0.9918935321565661,30.998656000905722,0.21657038834984438,1,0.022398,NORMAL,0,0.21060107982672713,3.3320335083025583,2.409087542741439,3.3399099987436918,1.7774714185997826,3.3022348334933174,1.9638356886263335
301,12,13,0,3.331914698580288,1.3464941081832609,2.3126978926754637e-18,1.9854205903970272,0.10000000000000003,0.9448420116073823,0.9354386402008753,1.0153246333479595,0.9807696345961542,34.582994975480304,0.13724629436526697,1,0.014842,NORMAL,0,0.41913667892263545,3.3528678851681626,2.045763855819785,3.3320335083025583,2.409087542741439,3.3399099987436918,1.7774714185997826
302,12,14,0,3.340650332302933,1.345181382990161,2.3126978926754637e-18,1.9954689493127717,0.10000000000000003,0.9446269633936162,0.9487247052952046,1.015055955058788,0.9806283263286646,34.71206368407108,0.1376322821598756,1,0.014627,NORMAL,0,0.24536592082790626,3.331914698580288,1.3464941081832609,3.3528678851681626,2.045763855819785,3.3320335083025583,2.409087542741439
303,12,15,0,3.342165660758944,1.4070988127694188,2.3126978926754637e-18,1.9350668479895252,0.10000000000000003,0.9453461108353156,0.9472395809781438,1.0187756430993398,0.981673144183017,34.318009685956376,0.14253917456743964,1,0.015346,NORMAL,0,0.2622368260903624,3.340650332302933,1.345181382990161,3.331914698580288,1.3464941081832609,3.3528678851681626,2.045763855819785
304,12,16,0,3.372627030031064,1.153260683800308,2.3126978926754637e-18,2.219366346230756,0.10000000000000003,0.9415001657162854,0.9400166335657184,1.0024838048117883,0.9768120978948523,36.53096046040065,0.12748162110645736,1,0.0115,NORMAL,0,0.35411539711802176,3.342165660758944,1.4070988127694188,3.340650332302933,1.345181382990161,3.331914698580288,1.3464941081832609
305,12,17,0,3.403350621527577,0.3505393517405743,2.3126978926754637e-18,3.0528112697870027,0.10000000000000003,0.9296587392527091,0.9360758177050296,1.0,0.9607945732273311,44.11642080750125,0.1335355436309354,1,-0.000341,HIGH,0,0.40985881399496654,3.372627030031064,1.153260683800308,3.342165660758944,1.4070988127694188,3.340650332302933,1.345181382990161
306,12,18,0,3.562634353756542,0.0213355919607152,2.3126978926754637e-18,3.5412987617958267,0.10000000000000003,0.9186356144553376,0.9058677658213923,1.0,0.9512245016921619,50.06119541470425,0.18227291799986026,1,-0.011364,CRITICAL,1,0.809680278737548,3.403350621527577,0.3505393517405743,3.372627030031064,1.153260683800308,3.342165660758944,1.4070988127694188
307,12,19,0,3.552571617429501,0.0,2.3126978926754637e-18,3.552571617429501,0.10000000000000003,0.9172010621923588,0.9275338112375019,1.0,0.9508831514520836,50.15825630674331,0.1840793284493657,1,-0.012799,CRITICAL,1,0.5369254808153833,3.562634353756542,0.0213355919607152,3.403350621527577,0.3505393517405743,3.372627030031064,1.153260683800308
308,12,20,1,3.422375442252452,0.0,2.3126978926754637e-18,3.422375442252452,0.10000000000000003,0.9204720529837128,0.9241246691193281,1.0,0.9528151885552659,48.21832682072383,0.1699109450636928,1,-0.009528,HIGH,1,0.5872285030012229,3.552571617429501,0.0,3.562634353756542,0.0213355919607152,3.403350621527577,0.3505393517405743
309,12,21,1,3.3291110891158118,0.0,2.3126978926754637e-18,3.3291110891158118,0.10000000000000003,0.9228023681020096,0.9258038230928114,1.0,0.9541920470223089,46.8341279716588,0.16015870798886314,1,-0.007198,HIGH,1,0.5626122613577517,3.422375442252452,0.0,3.552571617429501,0.0,3.562634353756542,0.0213355919607152
310,12,22,1,3.057095358665611,0.0,2.3126978926754637e-18,3.057095358665611,0.10000000000000003,0.9295393513841496,0.9337444026779622,1.0,0.958174608159204,42.82234477634401,0.1335668327488842,1,-0.000461,HIGH,0,0.4440690171301414,3.3291110891158118,0.0,3.422375442252452,0.0,3.552571617429501,0.0
311,12,23,1,2.5165327273845435,0.0,2.3126978926754637e-18,2.5165327273845435,0.10000000000000003,0.9426749323763673,0.9384385099741669,1.0,0.9659482810334877,34.957794137086594,0.08859066306966745,1,0.012675,NORMAL,0,0.37605880482607307,3.057095358665611,0.0,3.3291110891158118,0.0,3.422375442252452,0.0
312,13,0,1,1.926179417659514,0.0,2.3126978926754637e-18,1.926179417659514,0.10000000000000003,0.9566607513180115,0.953654485896532,1.0,0.974237338170023,26.52334592396381,0.05074581455027579,1,0.026661,NORMAL,0,0.1947761827882095,2.5165327273845435,0.0,3.057095358665611,0.0,3.3291110891158118,0.0
313,13,1,1,1.6716045928796996,0.0,2.3126978926754637e-18,1.6716045928796996,0.10000000000000003,0.9625828738079129,0.9565900704304482,1.0,0.9777509539434002,22.93323964860729,0.037859244247302276,1,0.032583,NORMAL,0,0.1686249181637163,1.926179417659514,0.0,2.5165327273845435,0.0,3.057095358665611,0.0
314,13,2,1,1.6246055158358397,0.0,2.3126978926754637e-18,1.6246055158358397,0.10000000000000003,0.9636693004789915,0.9624394211438643,1.0,0.9783957715430821,22.27343334220334,0.035698549083401844,1,0.033669,NORMAL,0,0.12495022979144861,1.6716045928796996,0.0,1.926179417659514,0.0,2.5165327273845435,0.0
315,13,3,1,1.603999344176941,0.0,2.3126978926754637e-18,1.603999344176941,0.10000000000000003,0.9641449617078499,0.9671569808019822,1.0,0.9786781097234575,21.984439720479536,0.03477241940704932,1,0.034145,NORMAL,0,0.09713959810684449,1.6246055158358397,0.0,1.6716045928796996,0.0,1.926179417659514,0.0
316,13,4,1,1.621240443502815,0.0,2.3126978926754637e-18,1.621240443502815,0.10000000000000003,0.963747005722718,0.9657454767808278,1.0,0.9784418940786836,22.226227427803796,0.03554642706312455,1,0.033747,NORMAL,0,0.10482484329099738,1.603999344176941,0.0,1.6246055158358397,0.0,1.6716045928796996,0.0
317,13,5,1,1.7921964768356586,0.0,2.3126978926754637e-18,1.7921964768356586,0.10000000000000003,0.95978549488579,0.9533145829927957,1.0,0.9760909867319375,24.630437476728176,0.0437130286118935,1,0.029785,NORMAL,0,0.1979946958866688,1.621240443502815,0.0,1.603999344176941,0.0,1.6246055158358397,0.0
318,13,6,0,2.275783537315071,0.1581132778742486,2.3126978926754637e-18,2.1176702594408225,0.10000000000000003,0.9528599777637178,0.9538555529746191,1.0,0.972713139403999,29.834704481763797,0.06112246338533966,1,0.02286,NORMAL,0,0.19289104457249648,1.7921964768356586,0.0,1.621240443502815,0.0,1.603999344176941,0.0
319,13,7,0,2.6841340658527595,0.7235451437523062,2.3126978926754637e-18,1.9605889221004533,0.10000000000000003,0.951562420204994,0.9491809681051937,1.0,0.9783210654415986,30.32612277885202,0.07373752349791868,1,0.021562,NORMAL,0,0.24033238498523424,2.275783537315071,0.1581132778742486,1.7921964768356586,0.0,1.621240443502815,0.0
320,13,8,0,3.0074677484630703,1.482597095664476,2.3126978926754637e-18,1.5248706527985942,0.10000000000000003,0.9537969323521246,0.9497725459820847,1.030413660315441,0.9874458865629404,29.330976160260974,0.1332634877477092,1,0.023797,NORMAL,0,0.2339118764387961,2.6841340658527595,0.7235451437523062,2.275783537315071,0.1581132778742486,1.7921964768356586,0.0
321,13,9,0,3.301224444368833,2.1304058454849306,2.3126978926754637e-18,1.1708185988839026,0.10000000000000003,0.9544571814530123,0.9622012775087909,1.0609680990062316,0.9938675733324598,30.00875867204585,0.22740097566977518,1,0.024457,NORMAL,0,0.1265209044334515,3.0074677484630703,1.482597095664476,2.6841340658527595,0.7235451437523062,2.275783537315071,0.1581132778742486
322,13,10,0,3.3601064417113067,2.362683812231757,2.3126978926754637e-18,0.9974226294795496,0.10000000000000003,0.9555615270886829,0.9535650255093253,1.0721864282316163,0.9965603409171127,29.944283242117837,0.2679537578448404,1,0.025562,NORMAL,0,0.19561941180253642,3.301224444368833,2.1304058454849306,3.0074677484630703,1.482597095664476,2.6841340658527595,0.7235451437523062
323,13,11,0,3.330950582507621,2.8810865855250563,2.3126978926754637e-18,0.44986399698256463,0.10000000000000003,0.9612731842088987,0.9551903531410495,1.099172869821146,1.004250957011159,29.04918161330527,0.3693399645887408,1,0.031273,NORMAL,0,0.1807282685952447,3.3601064417113067,2.362683812231757,3.301224444368833,2.1304058454849306,3.0074677484630703,1.482597095664476
324,13,12,0,3.367468496985317,2.8314057350546773,2.3126978926754637e-18,0.5360627619306397,0.10000000000000003,0.9600014376472058,0.9630953968713162,1.0959986946963087,1.0031037496004231,29.051230343046313,0.35954348224668753,1,0.030001,NORMAL,0,0.12070999752117105,3.330950582507621,2.8810865855250563,3.3601064417113067,2.362683812231757,3.301224444368833,2.1304058454849306
325,13,13,0,3.360252313735341,2.37756007425801,2.3126978926754637e-18,0.982692239477331,0.10000000000000003,0.9557099875346656,0.9399451824483166,1.0729660501710323,0.996776329540807,29.901883901287164,0.27057680976355225,1,0.02571,NORMAL,0,0.35509653727679474,3.367468496985317,2.8314057350546773,3.330950582507621,2.8810865855250563,3.3601064417113067,2.362683812231757
326,13,14,0,3.372785604388336,1.7904599746039542,2.3126978926754637e-18,1.582325629784382,0.10000000000000003,0.9491335850205103,0.9570566773730864,1.0405947740593686,0.9876151748325683,32.46352800989459,0.18311744524100784,1,0.019134,NORMAL,0,0.1647364138439286,3.360252313735341,2.37756007425801,3.367468496985317,2.8314057350546773,3.330950582507621,2.8810865855250563
327,13,15,0,3.396821437708688,1.929988291662932,2.3126978926754637e-18,1.466833146045756,0.10000000000000003,0.950149061964818,0.9432111004207275,1.0479680112938314,0.9895108763452356,32.08284242489187,0.20208943242338254,1,0.020149,NORMAL,0,0.31159650895550584,3.372785604388336,1.7904599746039542,3.360252313735341,2.37756007425801,3.367468496985317,2.8314057350546773
328,13,16,0,3.4275415192880883,0.907961290316469,2.3126978926754637e-18,2.5195802289716194,0.10000000000000003,0.937028917788632,0.9276583180276933,1.0,0.9715481982963446,39.259543091943286,0.12271371238443905,1,0.007029,MODERATE,1,0.5350675609329825,3.396821437708688,1.929988291662932,3.372785604388336,1.7904599746039542,3.360252313735341,2.37756007425801
329,13,17,0,3.498466047612372,0.4527484957065806,2.3126978926754637e-18,3.045717551905791,0.10000000000000003,0.9289436136560122,0.9326954687931844,1.0,0.9615633987518624,44.47025627776538,0.13596614508369342,1,-0.001056,HIGH,0,0.45965586651167134,3.4275415192880883,0.907961290316469,3.396821437708688,1.929988291662932,3.372785604388336,1.7904599746039542
330,13,18,0,3.623530340270768,0.0474291325689582,2.3126978926754637e-18,3.57610120770181,0.10000000000000003,0.9191613479731103,0.9171084701484985,1.0,0.9509171026234869,50.6696945454991,0.18555023977628937,1,-0.010839,CRITICAL,1,0.6842757537758868,3.498466047612372,0.4527484957065806,3.4275415192880883,0.907961290316469,3.396821437708688,1.929988291662932
331,13,19,0,3.5609924784863862,0.0,2.3126978926754637e-18,3.5609924784863862,0.10000000000000003,0.916988774021463,0.8979735989201393,1.0,0.9507577866973701,50.284035752442115,0.18501819187358903,1,-0.013011,CRITICAL,1,0.8723149733705913,3.623530340270768,0.0474291325689582,3.498466047612372,0.4527484957065806,3.4275415192880883,0.907961290316469
332,13,20,1,3.4945592448270184,0.0,2.3126978926754637e-18,3.4945592448270184,0.10000000000000003,0.9186611358053242,0.9172271098999941,1.0,0.9517454665377797,49.292766796383184,0.17768583697152884,1,-0.011339,CRITICAL,1,0.6827358670078504,3.5609924784863862,0.0,3.623530340270768,0.0474291325689582,3.498466047612372,0.4527484957065806
333,13,21,1,3.389871440274645,0.0,2.3126978926754637e-18,3.389871440274645,0.10000000000000003,0.921285406945851,0.9253439634919031,1.0,0.9532957144839038,47.7354009789338,0.1664747931638309,1,-0.008715,HIGH,1,0.5693898495084223,3.4945592448270184,0.0,3.5609924784863862,0.0,3.623530340270768,0.0474291325689582
334,13,22,1,3.0925984968124296,0.0,2.3126978926754637e-18,3.0925984968124296,0.10000000000000003,0.928665008553172,0.928743255219261,1.0,0.9576575711021494,43.343843627824185,0.13688337299830564,1,-0.001335,HIGH,1,0.5188422446825621,3.389871440274645,0.0,3.4945592448270184,0.0,3.5609924784863862,0.0
335,13,23,1,2.646006325772396,0.0,2.3126978926754637e-18,2.646006325772396,0.10000000000000003,0.9395583649619528,0.9433329106964687,1.0,0.9641028717242018,36.82879460451724,0.09843743188624178,1,0.009558,MODERATE,0,0.31003094326592606,3.0925984968124296,0.0,3.389871440274645,0.0,3.4945592448270184,0.0
336,14,0,1,2.042173275556823,0.0,2.3126978926754637e-18,2.042173275556823,0.10000000000000003,0.9539410969808336,0.9547822062296898,1.0,0.9726244935208961,28.168354959230925,0.05729056778728093,1,0.023941,NORMAL,0,0.1843826078343508,2.646006325772396,0.0,3.0925984968124296,0.0,3.389871440274645,0.0
337,14,1,1,1.7361509803283206,0.0,2.3126978926754637e-18,1.7361509803283206,0.10000000000000003,0.9610873466033136,0.9578008676791395,1.0,0.9768634461793836,23.84089603156317,0.04093677156785747,1,0.031087,NORMAL,0,0.1586840625489594,2.042173275556823,0.0,2.646006325772396,0.0,3.0925984968124296,0.0
338,14,2,1,1.6626227374498903,0.0,2.3126978926754637e-18,1.6626227374498903,0.10000000000000003,0.9627906620714062,0.9621670888003447,1.0,0.9778742750891823,22.80707466390609,0.03744111189159344,1,0.032791,NORMAL,0,0.1267477767199527,1.7361509803283206,0.0,2.042173275556823,0.0,2.646006325772396,0.0
339,14,3,1,1.6123650395990097,0.0,2.3126978926754637e-18,1.6123650395990097,0.10000000000000003,0.963951901793235,0.9699196198219807,1.0,0.9785635134842937,22.10174407933309,0.035146854756058055,1,0.033952,NORMAL,0,0.0835411999984943,1.6626227374498903,0.0,1.7361509803283206,0.0,2.042173275556823,0.0
340,14,4,1,1.577323259167741,0.0,2.3126978926754637e-18,1.577323259167741,0.10000000000000003,0.9647601338136168,0.964656263966535,1.0,0.9790432781108007,21.61057988281129,0.03359260814926964,1,0.03476,NORMAL,0,0.11111760053003256,1.6123650395990097,0.0,1.6626227374498903,0.0,1.7361509803283206,0.0
341,14,5,1,1.8129474766711184,0.0,2.3126978926754637e-18,1.8129474766711184,0.10000000000000003,0.9593027006315138,0.9640582342334694,1.0,0.9758045454882371,24.92310528154644,0.04476561245407543,1,0.029303,NORMAL,0,0.11471142342072399,1.577323259167741,0.0,1.6123650395990097,0.0,1.6626227374498903,0.0
342,14,6,0,2.3217244590092,0.2365164084060644,2.3126978926754637e-18,2.0852080506031356,0.10000000000000003,0.9529674059556662,0.9533321251533686,1.0,0.9737001169182279,29.695060282828763,0.060010147292445526,1,0.022967,NORMAL,0,0.1978276148882344,1.8129474766711184,0.0,1.577323259167741,0.0,1.6123650395990097,0.0
343,14,7,0,2.6538611581670737,0.5224515374284949,2.3126978926754637e-18,2.131409620738579,0.10000000000000003,0.9495060384885584,0.9432882767932028,1.0,0.9748570962930311,31.66706060099568,0.07159119294227795,1,0.019506,NORMAL,0,0.3106040975134076,2.3217244590092,0.2365164084060644,1.8129474766711184,0.0,1.577323259167741,0.0
344,14,8,0,2.9016114389456984,1.0706218410459696,2.3126978926754637e-18,1.8309895978997288,0.10000000000000003,0.9511630449606068,0.9461884757038064,1.0075912823298283,0.9817494239300477,30.612043399687778,0.09700851817556466,1,0.021163,NORMAL,0,0.27461975883420026,2.6538611581670737,0.5224515374284949,2.3217244590092,0.2365164084060644,1.8129474766711184,0.0
345,14,9,0,3.3289963799027253,1.8189683535440817,2.3126978926754637e-18,1.5100280263586436,0.10000000000000003,0.9504405611889465,0.9551870396928753,1.043129469574786,0.9886549534485312,31.741576069049593,0.18467336666469542,1,0.020441,NORMAL,0,0.18075770691756846,2.9016114389456984,1.0706218410459696,2.6538611581670737,0.5224515374284949,2.3217244590092,0.2365164084060644
346,14,10,0,3.449948276446928,2.598570371530696,2.3126978926754637e-18,0.851377904916232,0.10000000000000003,0.9559289029398167,0.9588240761149257,1.0826301265104175,0.9987911607636281,30.38923596323016,0.31450022188524457,1,0.025929,NORMAL,0,0.15065863951688327,3.3289963799027253,1.8189683535440817,2.9016114389456984,1.0706218410459696,2.6538611581670737,0.5224515374284949
347,14,11,0,3.4815115803830583,2.6218150894152785,2.3126978926754637e-18,0.8596964909677798,0.10000000000000003,0.9554555323263499,0.9542033504469276,1.0831888410269424,0.9987096572880713,30.70563520494706,0.3200575053796195,1,0.025456,NORMAL,0,0.1896630569577691,3.449948276446928,2.598570371530696,3.3289963799027253,1.8189683535440817,2.9016114389456984,1.0706218410459696
348,14,12,0,3.515455622831427,2.732811817051074,2.3126978926754637e-18,0.7826438057803533,0.10000000000000003,0.9557817919979489,0.9580301179135994,1.0881443384431977,0.9998269176682799,30.86561501867071,0.3433060126051457,1,0.025782,NORMAL,0,0.15685633064271332,3.4815115803830583,2.6218150894152785,3.449948276446928,2.598570371530696,3.3289963799027253,1.8189683535440817
349,14,13,0,3.417908001890944,2.588913850417024,2.3126978926754637e-18,0.8289941514739199,0.10000000000000003,0.9565457266106366,0.962377758027987,1.0827748162161381,0.9990709440038724,30.036963918898174,0.3115984761978835,1,0.026546,NORMAL,0,0.12535531751521398,3.515455622831427,2.732811817051074,3.4815115803830583,2.6218150894152785,3.449948276446928,2.598570371530696
350,14,14,0,3.3906046337085582,1.9392117936430464,2.3126978926754637e-18,1.4513928400655118,0.10000000000000003,0.950390500690899,0.9428242554545783,1.0486120243368564,0.9897381863530361,31.958638196496842,0.20306875461203747,1,0.020391,NORMAL,0,0.31659694168782493,3.417908001890944,2.588913850417024,3.515455622831427,2.732811817051074,3.4815115803830583,2.6218150894152785
351,14,15,0,3.399810562460225,1.7365906412271168,2.3126978926754637e-18,1.6632199212331082,0.10000000000000003,0.9479117511839901,0.950824466906157,1.0369453381099973,0.9863849139679686,33.109495436311335,0.1779972263094115,1,0.017912,NORMAL,0,0.22279224166937153,3.3906046337085582,1.9392117936430464,3.417908001890944,2.588913850417024,3.515455622831427,2.732811817051074
352,14,16,0,3.44541070162096,1.2304815959142743,2.3126978926754637e-18,2.2149291057066858,0.10000000000000003,0.9408070617122062,0.9497759308501781,1.0057163039940218,0.9771904757447453,36.97444694195205,0.13618044671967694,1,0.010807,NORMAL,0,0.23387548489062945,3.399810562460225,1.7365906412271168,3.3906046337085582,1.9392117936430464,3.417908001890944,2.588913850417024
353,14,17,0,3.4402280328970267,0.4522480275783566,2.3126978926754637e-18,2.9879800053186703,0.10000000000000003,0.9303109195999709,0.9259659992783746,1.0,0.9623881387420167,43.62574008049204,0.13085060276235627,1,0.000311,MODERATE,1,0.5602163244591354,3.44541070162096,1.2304815959142743,3.399810562460225,1.7365906412271168,3.3906046337085582,1.9392117936430464
354,14,18,0,3.617307411151817,0.0338856075101816,2.3126978926754637e-18,3.5834218036416354,0.10000000000000003,0.9182508202250795,0.9129041537357094,1.0,0.9506992778852149,50.73278235310544,0.1866679025897911,1,-0.011749,CRITICAL,1,0.73609126618069,3.4402280328970267,0.4522480275783566,3.44541070162096,1.2304815959142743,3.399810562460225,1.7365906412271168
355,14,19,0,3.608938870678068,0.0,2.3126978926754637e-18,3.608938870678068,0.10000000000000003,0.9157783581659957,0.9144936551442523,1.0,0.9500430454774593,51.00091390977845,0.19041634690220222,1,-0.014222,CRITICAL,1,0.7171525131306975,3.617307411151817,0.0338856075101816,3.4402280328970267,0.4522480275783566,3.44541070162096,1.2304815959142743
356,14,20,1,3.490895073171532,0.0,2.3126978926754637e-18,3.490895073171532,0.10000000000000003,0.9187532162171476,0.9128825969267763,1.0,0.9517998537777711,49.238160509062276,0.17728636401214443,1,-0.011247,CRITICAL,1,0.7363424481685428,3.608938870678068,0.0,3.617307411151817,0.0338856075101816,3.4402280328970267,0.4522480275783566
357,14,21,1,3.3821111539012243,0.0,2.3126978926754637e-18,3.3821111539012243,0.10000000000000003,0.92147940298869,0.9260355886729024,1.0,0.9534103330505843,47.620184310544765,0.16566034049121786,1,-0.008521,HIGH,1,0.5591873662228192,3.490895073171532,0.0,3.608938870678068,0.0,3.617307411151817,0.0338856075101816
358,14,22,1,3.099230550723449,0.0,2.3126978926754637e-18,3.099230550723449,0.10000000000000003,0.9285015164275292,0.9353298503640247,1.0,0.9575608966875501,43.44133024092338,0.13750798869671088,1,-0.001498,HIGH,0,0.420726678273976,3.3821111539012243,0.0,3.490895073171532,0.0,3.608938870678068,0.0
359,14,23,1,2.6241142644313724,0.0,2.3126978926754637e-18,2.6241142644313724,0.10000000000000003,0.9400866146369039,0.9473031253211888,1.0,0.9644156193714739,36.51188505484106,0.09673227114912747,1,0.010087,NORMAL,0,0.2614998646621637,3.099230550723449,0.0,3.3821111539012243,0.0,3.490895073171532,0.0
360,15,0,1,2.046874818476022,0.0,2.3126978926754637e-18,2.046874818476022,0.10000000000000003,0.9538305761340055,0.9617203891607157,1.0,0.9725589608614739,28.23515514641006,0.05756486219144907,1,0.023831,NORMAL,0,0.12974408958244119,2.6241142644313724,0.0,3.099230550723449,0.0,3.3821111539012243,0.0
361,15,1,1,1.678416324607479,0.0,2.3126978926754637e-18,1.678416324607479,0.10000000000000003,0.9624252377429363,0.966698868428294,1.0,0.9776573996272484,23.02894418725835,0.038177995114145935,1,0.032425,NORMAL,0,0.099577119517167,2.046874818476022,0.0,2.6241142644313724,0.0,3.099230550723449,0.0
362,15,2,1,1.6043435285365748,0.0,2.3126978926754637e-18,1.6043435285365748,0.10000000000000003,0.9641370200914671,0.9602287567565322,1.0,0.9786733957042321,21.989265323560645,0.034787782667534725,1,0.034137,NORMAL,0,0.1401884792950739,1.678416324607479,0.0,2.046874818476022,0.0,2.6241142644313724,0.0
363,15,3,1,1.5873508581819185,0.0,2.3126978926754637e-18,1.5873508581819185,0.10000000000000003,0.9645289690296447,0.971258436754129,1.0,0.9789060551151318,21.751079991853402,0.034033573852391724,1,0.034529,NORMAL,0,0.07759322442549384,1.6043435285365748,0.0,1.678416324607479,0.0,2.046874818476022,0.0
364,15,4,1,1.5985875650372303,0.0,2.3126978926754637e-18,1.5985875650372303,0.10000000000000003,0.9642698167220553,0.9615352076224228,1.0,0.9787522222190973,21.908570871751888,0.0345313277172245,1,0.03427,NORMAL,0,0.1310037959761579,1.5873508581819185,0.0,1.6043435285365748,0.0,1.678416324607479,0.0
365,15,5,1,1.7899305595640371,0.0,2.3126978926754637e-18,1.7899305595640371,0.10000000000000003,0.9598381882920769,0.9605459298765617,1.0,0.9761222505458425,24.59849053056697,0.043598900084422174,1,0.029838,NORMAL,0,0.1379103070342247,1.5985875650372303,0.0,1.5873508581819185,0.0,1.6043435285365748,0.0
366,15,6,0,2.2517624892003685,0.1348183315557581,2.3126978926754637e-18,2.1169441576446104,0.10000000000000003,0.953059802049041,0.9440129531764803,1.0,0.9725600702141646,29.732415866585665,0.06098534413582006,1,0.02306,NORMAL,0,0.3013711239286936,1.7899305595640371,0.0,1.5985875650372303,0.0,1.5873508581819185,0.0
367,15,7,0,2.697134743212073,0.4855260034527492,2.3126978926754637e-18,2.2116087397593236,0.10000000000000003,0.9480057405172579,0.9452031531518843,1.0,0.9735289099972372,32.62070943061702,0.07473013300087167,1,0.018006,NORMAL,0,0.28655207041355224,2.2517624892003685,0.1348183315557581,1.7899305595640371,0.0,1.5985875650372303,0.0
368,15,8,0,2.905410139918561,0.8497351315336655,2.3126978926754637e-18,2.0556750083848954,0.10000000000000003,0.9482287606837246,0.9464335149184873,1.0,0.9776656962117951,32.374691461239486,0.08839315594436867,1,0.018229,NORMAL,0,0.2717007202176995,2.697134743212073,0.4855260034527492,2.2517624892003685,0.1348183315557581,1.7899305595640371,0.0
369,15,9,0,3.3145675082916464,1.1835877998314446,2.3126978926754637e-18,2.1309797084602016,0.10000000000000003,0.943214153399701,0.9402973862795289,1.005657996034924,0.9781488733848939,35.495675125800794,0.12559127738932246,1,0.013214,NORMAL,0,0.3502721459886875,2.905410139918561,0.8497351315336655,2.697134743212073,0.4855260034527492,2.2517624892003685,0.1348183315557581
370,15,10,0,3.4545348968508294,1.1564688507726535,2.3126978926754637e-18,2.298066046078176,0.10000000000000003,0.9396586724269589,0.9437534188585718,1.0008817816171751,0.9757440754382826,37.65383782749664,0.13280345553361722,1,0.009659,MODERATE,0,0.3046598733927904,3.3145675082916464,1.1835877998314446,2.905410139918561,0.8497351315336655,2.697134743212073,0.4855260034527492
371,15,11,0,3.468891049163296,1.9672861340388736,2.3126978926754637e-18,1.5016049151244222,0.10000000000000003,0.9489364219731583,0.9420556314701122,1.048554274051814,0.989137652846166,32.84347123022609,0.21034737214112098,1,0.018936,NORMAL,0,0.3266583811102252,3.4545348968508294,1.1564688507726535,3.3145675082916464,1.1835877998314446,2.905410139918561,0.8497351315336655
372,15,12,0,3.420976048895646,2.735688122763644,2.3126978926754637e-18,0.6852879261320024,0.10000000000000003,0.9579063623893574,0.9442689716039402,1.0901616108036567,1.0010925772411863,29.782628262415155,0.34097580537494704,1,0.027906,NORMAL,0,0.29814679716530046,3.468891049163296,1.9672861340388736,3.4545348968508294,1.1564688507726535,3.3145675082916464,1.1835877998314446
373,15,13,0,3.3584594166537367,2.516385830616529,2.3126978926754637e-18,0.8420735860372077,0.10000000000000003,0.957147224198198,0.9649730991576714,1.080232475977895,0.9988096419881258,29.51078097793416,0.2958671046964616,1,0.027147,NORMAL,0,0.10925379736942793,3.420976048895646,2.735688122763644,3.468891049163296,1.9672861340388736,3.4545348968508294,1.1564688507726535
374,15,14,0,3.3451407670050126,2.561834950388306,2.3126978926754637e-18,0.7833058166167066,0.10000000000000003,0.9578927768488811,0.9612919768071946,1.0828370971885597,0.9996315508973479,29.252114008673537,0.3041150977655921,1,0.027893,NORMAL,0,0.1326741513689257,3.3584594166537367,2.516385830616529,3.420976048895646,2.735688122763644,3.468891049163296,1.9672861340388736
375,15,15,0,3.3375038329940323,2.008786803066822,2.3126978926754637e-18,1.3287170299272102,0.10000000000000003,0.952342384426788,0.9468153623715171,1.0535703593077477,0.9915255884690756,30.960945172293275,0.2105837992372166,1,0.022342,NORMAL,0,0.26719092054288796,3.3451407670050126,2.561834950388306,3.3584594166537367,2.516385830616529,3.420976048895646,2.735688122763644
376,15,16,0,3.414328389083201,1.2249974746554777,2.3126978926754637e-18,2.1893309144277233,0.10000000000000003,0.9414513480859977,0.9316579329076733,1.006055769489163,0.9775191745314871,36.581160868091715,0.1339499123235785,1,0.011451,NORMAL,0,0.4751514936426772,3.3375038329940323,2.008786803066822,3.3451407670050126,2.561834950388306,3.3584594166537367,2.516385830616529
377,15,17,0,3.4362630953437936,0.5193313538304638,2.3126978926754637e-18,2.91693174151333,0.10000000000000003,0.9313903848642475,0.923854910901377,1.0,0.9638207864015949,42.90796131325883,0.1274700283968592,1,0.00139,MODERATE,1,0.5911461073603935,3.414328389083201,1.2249974746554777,3.3375038329940323,2.008786803066822,3.3451407670050126,2.561834950388306
378,15,18,0,3.5604371785354982,0.057693957403697,2.3126978926754637e-18,3.502743221131801,0.10000000000000003,0.9212963013211195,0.9200732553538437,1.0,0.9520881272394469,49.61077448665286,0.17725792067104512,1,-0.008704,HIGH,1,0.6446500834262772,3.4362630953437936,0.5193313538304638,3.414328389083201,1.2249974746554777,3.3375038329940323,2.008786803066822
379,15,19,0,3.483584786134931,0.0,2.3126978926754637e-18,3.483584786134931,0.10000000000000003,0.9189368735436392,0.9222719076902234,1.0,0.9519083325753815,49.12923813982247,0.17649092671761,1,-0.011063,CRITICAL,1,0.6138881233311971,3.5604371785354982,0.057693957403697,3.4362630953437936,0.5193313538304638,3.414328389083201,1.2249974746554777
380,15,20,1,3.4000172759086755,0.0,2.3126978926754637e-18,3.4000172759086755,0.10000000000000003,0.9210316645949511,0.9236353815172845,1.0,0.9531457998546614,47.88608297975265,0.16754305331730926,1,-0.008968,HIGH,1,0.5943257588959417,3.483584786134931,0.0,3.5604371785354982,0.057693957403697,3.4362630953437936,0.5193313538304638
381,15,21,1,3.296869139020235,0.0,2.3126978926754637e-18,3.296869139020235,0.10000000000000003,0.9236055123566109,0.9278776129610902,1.0,0.9546666662690608,46.356648491670235,0.1568635266601804,1,-0.006394,HIGH,1,0.5317928536631203,3.4000172759086755,0.0,3.483584786134931,0.0,3.5604371785354982,0.057693957403697
382,15,22,1,2.9890289281861,0.0,2.3126978926754637e-18,2.9890289281861,0.10000000000000003,0.9312115409920868,0.9409694937290823,1.0,0.9591635873957082,41.82427810478258,0.12733591052577303,1,0.001212,MODERATE,0,0.3411508999629531,3.296869139020235,0.0,3.4000172759086755,0.0,3.483584786134931,0.0
383,15,23,1,2.2830548326431983,0.0,2.3126978926754637e-18,2.2830548326431983,0.10000000000000003,0.9482494886893296,0.9488910310437613,1.0,0.9692506943427199,31.60339871183835,0.07226096829338755,1,0.018249,NORMAL,0,0.24352279239456182,2.9890289281861,0.0,3.296869139020235,0.0,3.4000172759086755,0.0
384,16,0,1,1.8755042572569307,0.0,2.3126978926754637e-18,1.8755042572569307,0.10000000000000003,0.9578446838577347,0.953870359968246,1.0,0.9749395942784038,25.806504203543234,0.048019877143660794,1,0.027845,NORMAL,0,0.19275276950952505,2.2830548326431983,0.0,2.9890289281861,0.0,3.296869139020235,0.0
385,16,1,1,1.683877841110467,0.0,2.3126978926754637e-18,1.683877841110467,0.10000000000000003,0.9622988157686888,0.964647572787561,1.0,0.9775823714558025,23.105692304882687,0.038434588812647864,1,0.032299,NORMAL,0,0.11116911689072877,1.8755042572569307,0.0,2.2830548326431983,0.0,2.9890289281861,0.0
386,16,2,1,1.629110466577556,0.0,2.3126978926754637e-18,1.629110466577556,0.10000000000000003,0.9635652564888522,0.9562127262000115,1.0,0.9783340160305399,22.336637084666204,0.035902739675425246,1,0.033565,NORMAL,0,0.17182277950152994,1.683877841110467,0.0,1.8755042572569307,0.0,2.2830548326431983,0.0
387,16,3,1,1.631447370158608,0.0,2.3126978926754637e-18,1.631447370158608,0.10000000000000003,0.9635112769072915,0.9741992574111601,1.0,0.9783019766090938,22.369426801315665,0.03600890493481286,1,0.033511,NORMAL,0,0.065868588952132,1.629110466577556,0.0,1.683877841110467,0.0,1.8755042572569307,0.0
388,16,4,1,1.6416739449060809,0.0,2.3126978926754637e-18,1.6416739449060809,0.10000000000000003,0.9632749939508615,0.9475697706825623,1.0,0.9781617336809922,22.512945380724446,0.036475452489834505,1,0.033275,NORMAL,0,0.25842203826415616,1.631447370158608,0.0,1.629110466577556,0.0,1.683877841110467,0.0
389,16,5,1,1.787123713407203,0.0,2.3126978926754637e-18,1.787123713407203,0.10000000000000003,0.959903453902316,0.9473027421639872,1.0,0.9761609738830599,24.55892010329106,0.043457746967420774,1,0.029903,NORMAL,0,0.2615043043524214,1.6416739449060809,0.0,1.631447370158608,0.0,1.629110466577556,0.0
390,16,6,0,2.3429993578847426,0.1419686408023724,2.3126978926754637e-18,2.20103071708237,0.10000000000000003,0.9510966066331209,0.9541336198594049,1.0,0.9714377572483494,30.95766542177234,0.06613524193152429,1,0.021097,NORMAL,0,0.19030690974356082,1.787123713407203,0.0,1.6416739449060809,0.0,1.631447370158608,0.0
391,16,7,0,2.67110077049588,0.3992002227656583,2.3126978926754637e-18,2.2719005477302217,0.10000000000000003,0.9473751464965319,0.94620087700723,1.0,0.9721621522489332,33.06767716061603,0.07521798353700955,1,0.017375,NORMAL,0,0.27447156052747196,2.3429993578847426,0.1419686408023724,1.787123713407203,0.0,1.6416739449060809,0.0
392,16,8,0,2.944544034310648,1.0334258095931528,2.3126978926754637e-18,1.9111182247174954,0.10000000000000003,0.9497225446839603,0.9487416404461113,1.0043090890601032,0.9804996516645538,31.47997196384017,0.09728874438006344,1,0.019723,NORMAL,0,0.2451778252490152,2.67110077049588,0.3992002227656583,2.3429993578847426,0.1419686408023724,1.787123713407203,0.0
393,16,9,0,3.265873737804294,1.59291514222748,2.3126978926754637e-18,1.672958595576814,0.10000000000000003,0.9492798560704959,0.9467299081880024,1.0314383626554846,0.985826060925767,32.13279934805273,0.15589532623413138,1,0.01928,NORMAL,0,0.2681960335167126,2.944544034310648,1.0334258095931528,2.67110077049588,0.3992002227656583,2.3429993578847426,0.1419686408023724
394,16,10,0,3.312297303371554,2.272685000839532,2.3126978926754637e-18,1.039612302532022,0.10000000000000003,0.9557003685889404,0.9433439126407407,1.068387437040326,0.9958576278579103,29.64510018649853,0.25085251692005234,1,0.0257,NORMAL,0,0.3098897542623026,3.265873737804294,1.59291514222748,2.944544034310648,1.0334258095931528,2.67110077049588,0.3992002227656583
395,16,11,0,3.348624700571239,2.247850990743891,2.3126978926754637e-18,1.1007737098273478,0.10000000000000003,0.9546334987632731,0.960414762371282,1.0663268908050076,0.9950122175529444,30.172938595933825,0.24798267254642709,1,0.024633,NORMAL,0,0.13884865474590902,3.312297303371554,2.272685000839532,3.265873737804294,1.59291514222748,2.944544034310648,1.0334258095931528
396,16,12,0,3.3820582807666506,2.206082118234868,2.3126978926754637e-18,1.1759761625317826,0.10000000000000003,0.953450582635076,0.9510999083222352,1.0634078307291732,0.9939478014280182,30.73480094542441,0.242391025746915,1,0.023451,NORMAL,0,0.2199436987511117,3.348624700571239,2.247850990743891,3.312297303371554,2.272685000839532,3.265873737804294,1.59291514222748
397,16,13,0,3.4216911671181016,1.5454017826706694,2.3126978926754637e-18,1.8762893844474322,0.10000000000000003,0.9451929352984594,0.948265466616902,1.0253337018482545,0.9829397421520597,34.51848319878796,0.1589808750667663,1,0.015193,NORMAL,0,0.2505036423634585,3.3820582807666506,2.206082118234868,3.348624700571239,2.247850990743891,3.312297303371554,2.272685000839532
398,16,14,0,3.430416288464757,1.396551370678329,2.3126978926754637e-18,2.033864917786428,0.10000000000000003,0.9432066624434691,0.9532773929275108,1.0162363257713558,0.9802947292922524,35.59957202667722,0.14659665791921586,1,0.013207,NORMAL,0,0.19834926555020288,3.4216911671181016,1.5454017826706694,3.3820582807666506,2.206082118234868,3.348624700571239,2.247850990743891
399,16,15,0,3.4257666770582755,0.620971736220872,2.3126978926754637e-18,2.8047949408374038,0.10000000000000003,0.9331022501445134,0.9347864975739419,1.0,0.9660172168940132,41.78536489837384,0.12337957525196036,1,0.003102,MODERATE,0,0.4286919759946652,3.430416288464757,1.396551370678329,3.4216911671181016,1.5454017826706694,3.3820582807666506,2.206082118234868
400,16,16,0,3.459824175816671,0.5160694696876981,2.3126978926754637e-18,2.943754706128973,0.10000000000000003,0.9307885416544552,0.9189022478830107,1.0,0.9634181987972834,43.282105867479686,0.12960585656397275,1,0.000789,MODERATE,1,0.660576674586133,3.4257666770582755,0.620971736220872,3.430416288464757,1.396551370678329,3.4216911671181016,1.5454017826706694
401,16,17,0,3.515939934917502,0.3652050462452088,2.3126978926754637e-18,3.150734888672293,0.10000000000000003,0.9272143408051052,0.9350441258319372,1.0,0.9594800360974235,45.614430902469365,0.14287373330903486,1,-0.002786,HIGH,0,0.42491039551837345,3.459824175816671,0.5160694696876981,3.4257666770582755,0.620971736220872,3.430416288464757,1.396551370678329
402,16,18,0,3.615482642816169,0.0562933444134097,2.3126978926754637e-18,3.5591892984027593,0.10000000000000003,0.9199438367313634,0.9248250817628407,1.0,0.9512393596154529,50.4477319826232,0.1834873641491343,1,-0.010056,CRITICAL,1,0.5770061034150559,3.515939934917502,0.3652050462452088,3.459824175816671,0.5160694696876981,3.4257666770582755,0.620971736220872
403,16,19,0,3.6245774346873625,0.0,2.3126978926754637e-18,3.6245774346873625,0.10000000000000003,0.9153829328950284,0.9134337691107594,1.0,0.9498095714372707,51.235002098862395,0.19219642721107066,1,-0.014617,CRITICAL,1,0.7298721178589664,3.615482642816169,0.0562933444134097,3.515939934917502,0.3652050462452088,3.459824175816671,0.5160694696876981
404,16,20,1,3.5221422188043743,0.0,2.3126978926754637e-18,3.5221422188043743,0.10000000000000003,0.9179674418973433,0.9214822854815374,1.0,0.9513357550423386,49.70405662814709,0.1807095450220704,1,-0.012033,CRITICAL,1,0.6250556031965018,3.6245774346873625,0.0,3.615482642816169,0.0562933444134097,3.515939934917502,0.3652050462452088
405,16,21,1,3.406718763237204,0.0,2.3126978926754637e-18,3.406718763237204,0.10000000000000003,0.9208639946361172,0.9151727803902229,1.0,0.9530467404046697,47.9856402111357,0.1682507970109406,1,-0.009136,HIGH,1,0.7088144672905121,3.5221422188043743,0.0,3.6245774346873625,0.0,3.615482642816169,0.0562933444134097
406,16,22,1,3.146714993680414,0.0,2.3126978926754637e-18,3.146714993680414,0.10000000000000003,0.9273294316224375,0.927358720763033,1.0,0.9568678838820539,44.139961627656135,0.1420270322937449,1,-0.002671,HIGH,1,0.5395364770081386,3.406718763237204,0.0,3.5221422188043743,0.0,3.6245774346873625,0.0
407,16,23,1,2.6999485516723705,0.0,2.3126978926754637e-18,2.6999485516723705,0.10000000000000003,0.9382545034631288,0.9305182108862471,1.0,0.9633310043091337,37.61062716806913,0.10270935497608122,1,0.008255,MODERATE,0,0.4922274628732235,3.146714993680414,0.0,3.406718763237204,0.0,3.5221422188043743,0.0
408,17,0,1,2.170956119840914,0.0,2.3126978926754637e-18,2.170956119840914,0.10000000000000003,0.9509056140436,0.9437502593428635,1.0,0.9708249029644208,30.00163302753796,0.06506035574338892,1,0.020906,NORMAL,0,0.30470003401198814,2.6999485516723705,0.0,3.146714993680414,0.0,3.406718763237204,0.0
409,17,1,1,1.8577104595489016,0.0,2.3126978926754637e-18,1.8577104595489016,0.10000000000000003,0.9582597988899335,0.9561075028837409,1.0,0.9751858428299938,25.555057894955297,0.047081799175134526,1,0.02826,NORMAL,0,0.17272303662205704,2.170956119840914,0.0,2.6999485516723705,0.0,3.146714993680414,0.0
410,17,2,1,1.7476539201944985,0.0,2.3126978926754637e-18,1.7476539201944985,0.10000000000000003,0.9608204008958382,0.965896483505554,1.0,0.9767050441671241,24.002835435422845,0.04149866774090445,1,0.03082,NORMAL,0,0.10397768487466065,1.8577104595489016,0.0,2.170956119840914,0.0,2.6999485516723705,0.0
411,17,3,1,1.683814833338122,0.0,2.3126978926754637e-18,1.683814833338122,0.10000000000000003,0.9623002744230689,0.9746599398609577,1.0,0.977583237123788,23.104806815049532,0.03843162336754345,1,0.0323,NORMAL,0,0.06418811608781273,1.7476539201944985,0.0,1.8577104595489016,0.0,2.170956119840914,0.0
412,17,4,1,1.6916554383359952,0.0,2.3126978926754637e-18,1.6916554383359952,0.10000000000000003,0.9621187318796504,0.9668585087371615,1.0,0.9774754980391024,23.215008805219224,0.038801573200207745,1,0.032119,NORMAL,0,0.09872159183034543,1.683814833338122,0.0,1.7476539201944985,0.0,1.8577104595489016,0.0
413,17,5,1,1.8414320421870751,0.0,2.3126978926754637e-18,1.8414320421870751,0.10000000000000003,0.9586392870968713,0.9561327699767272,1.0,0.9754109667798302,25.325144289220784,0.046232274385177116,1,0.028639,NORMAL,0,0.17250651951521281,1.6916554383359952,0.0,1.683814833338122,0.0,1.7476539201944985,0.0
414,17,6,0,2.345508778145588,0.178812404251703,2.3126978926754637e-18,2.166696373893885,0.10000000000000003,0.951584640328656,0.9427774518864221,1.0,0.972174166793449,30.615071299484264,0.06421240045444135,1,0.021585,NORMAL,0,0.3172048489004447,1.8414320421870751,0.0,1.6916554383359952,0.0,1.683814833338122,0.0
415,17,7,0,2.7130909014837656,0.8447096133950014,2.3126978926754637e-18,1.8683812880887642,0.10000000000000003,0.9525101254854924,0.9470653596648352,1.0,0.9801946077594187,29.735590077999962,0.07805555051218627,1,0.02251,NORMAL,0,0.26426422852369147,2.345508778145588,0.178812404251703,1.8414320421870751,0.0,1.6916554383359952,0.0
416,17,8,0,2.9694344524215865,1.4366973539089836,2.3126978926754637e-18,1.532737098512603,0.10000000000000003,0.9541077568709273,0.9570765384897414,1.0284987130144332,0.9871840340143636,29.0962934334525,0.1272622524743397,1,0.024108,NORMAL,0,0.16457250796102638,2.7130909014837656,0.8447096133950014,2.345508778145588,0.178812404251703,1.8414320421870751,0.0
417,17,9,0,3.3353571748324704,1.5578802231203237,2.3126978926754637e-18,1.7774769517121467,0.10000000000000003,0.9472993138865728,0.9476110430876626,1.0279088746598197,0.9843117503841475,33.27363281862487,0.15573613886569576,1,0.017299,NORMAL,0,0.2579477553951429,2.9694344524215865,1.4366973539089836,2.7130909014837656,0.8447096133950014,2.345508778145588,0.178812404251703
418,17,10,0,3.330707364889436,2.348693453390513,2.3126978926754637e-18,0.9820139114989228,0.10000000000000003,0.9560725541825178,0.9546765470651304,1.0720418949409944,0.996739147039125,29.631481274112147,0.264512319909467,1,0.026073,NORMAL,0,0.18533789344237825,3.3353571748324704,1.5578802231203237,2.9694344524215865,1.4366973539089836,2.7130909014837656,0.8447096133950014
419,17,11,0,3.353811288492048,2.282245509515289,2.3126978926754637e-18,1.0715657789767588,0.10000000000000003,0.9548748419903191,0.936054611823336,1.0680559213021856,0.9954560382802907,30.120994864270788,0.253908780295986,1,0.024875,NORMAL,0,0.4101665990603653,3.330707364889436,2.348693453390513,3.3353571748324704,1.5578802231203237,2.9694344524215865,1.4366973539089836
420,17,12,0,3.355627070307274,1.393110078827732,2.3126978926754637e-18,1.962516991479542,0.10000000000000003,0.9448702206043865,0.9417759382009969,1.017641161039021,0.9812509903576572,34.59506825420373,0.14214591935931178,1,0.01487,NORMAL,0,0.3303602197943742,3.353811288492048,2.282245509515289,3.330707364889436,2.348693453390513,3.3353571748324704,1.5578802231203237
421,17,13,0,3.3794608769290466,1.912335807985996,2.3126978926754637e-18,1.4671250689430506,0.10000000000000003,0.9503447281569048,0.9543368551777751,1.047340534432754,0.989463904482664,31.94126923376997,0.19896551544134405,1,0.020345,NORMAL,0,0.1884350079259347,3.355627070307274,1.393110078827732,3.353811288492048,2.282245509515289,3.330707364889436,2.348693453390513
422,17,14,0,3.380226443821053,0.8347855580385377,2.3126978926754637e-18,2.5454408857825155,0.10000000000000003,0.9371379221857703,0.9505143848307728,1.0,0.9708224928137172,39.20821722615635,0.11838276849955305,1,0.007138,MODERATE,0,0.2260304005223223,3.3794608769290466,1.912335807985996,3.355627070307274,1.393110078827732,3.353811288492048,2.282245509515289
423,17,15,0,3.396860143897981,0.4768742898288497,2.3126978926754637e-18,2.919985854069131,0.10000000000000003,0.9316950339057066,0.9278127621795605,1.0,0.963515125648593,42.75083035445512,0.12593801812281158,1,0.001695,MODERATE,1,0.532761561313523,3.380226443821053,0.8347855580385377,3.3794608769290466,1.912335807985996,3.355627070307274,1.393110078827732
424,17,16,0,3.403714572262869,0.4112593443403796,2.3126978926754637e-18,2.9924552279224894,0.10000000000000003,0.9305623205161476,0.9272095944760833,1.0,0.9620614238594254,43.503902148625954,0.12985041075635054,1,0.000562,MODERATE,1,0.5417585841510354,3.396860143897981,0.4768742898288497,3.380226443821053,0.8347855580385377,3.3794608769290466,1.912335807985996
425,17,17,0,3.4735209228352426,0.2170068390161991,2.3126978926754637e-18,3.2565140838190434,0.10000000000000003,0.9259363974362516,0.9198320526497797,1.0,0.9569142283854128,46.55353873692064,0.15074821199528754,1,-0.004064,HIGH,1,0.6479583303553165,3.403714572262869,0.4112593443403796,3.396860143897981,0.4768742898288497,3.380226443821053,0.8347855580385377
426,17,18,0,3.6082198776056313,0.0494718377479894,2.3126978926754637e-18,3.558748039857642,0.10000000000000003,0.9197064132874541,0.9222943820071515,1.0,0.9511914756525026,50.41756753985279,0.18357504255655838,1,-0.010294,CRITICAL,1,0.6135684497262451,3.4735209228352426,0.2170068390161991,3.403714572262869,0.4112593443403796,3.396860143897981,0.4768742898288497
427,17,19,0,3.586289869415454,0.0,2.3126978926754637e-18,3.586289869415454,0.10000000000000003,0.9163504969637185,0.9047824926866819,1.0,0.9503808766471855,50.662120919570974,0.18785521186797174,1,-0.01365,CRITICAL,1,0.8195128417980495,3.6082198776056313,0.0494718377479894,3.4735209228352426,0.2170068390161991,3.403714572262869,0.4112593443403796
428,17,20,1,3.478845406286508,0.0,2.3126978926754637e-18,3.478845406286508,0.10000000000000003,0.9190559062406154,0.9143785532777287,1.0,0.9519786414881981,49.05863698946596,0.1759763270927558,1,-0.010944,CRITICAL,1,0.7185512786804131,3.586289869415454,0.0,3.6082198776056313,0.0494718377479894,3.4735209228352426,0.2170068390161991
429,17,21,1,3.3665684100321585,0.0,2.3126978926754637e-18,3.3665684100321585,0.10000000000000003,0.9218677284026411,0.9237327770187505,1.0,0.9536397747096206,47.3895157098481,0.16403595772549687,1,-0.008132,HIGH,1,0.5929160470371935,3.478845406286508,0.0,3.586289869415454,0.0,3.6082198776056313,0.0494718377479894
430,17,22,1,3.084346086041239,0.0,2.3126978926754637e-18,3.084346086041239,0.10000000000000003,0.9288683735683009,0.9229730494365549,1.0,0.9577778251954571,43.22256953255508,0.13610838541830006,1,-0.001132,HIGH,1,0.6038701270295155,3.3665684100321585,0.0,3.478845406286508,0.0,3.586289869415454,0.0
431,17,23,1,2.5594070178012323,0.0,2.3126978926754637e-18,2.5594070178012323,0.10000000000000003,0.9416449214361533,0.93426785361941,1.0,0.9653383124940581,35.57649649290001,0.09178812022799807,1,0.011645,NORMAL,0,0.43632973411152665,3.084346086041239,0.0,3.3665684100321585,0.0,3.478845406286508,0.0
432,18,0,1,1.997332908758474,0.0,2.3126978926754637e-18,1.997332908758474,0.10000000000000003,0.9549940526016573,0.9596544786577069,1.0,0.9732488757085872,27.53174171392044,0.05470992258124119,1,0.024994,NORMAL,0,0.14439345591082403,2.5594070178012323,0.0,3.084346086041239,0.0,3.3665684100321585,0.0
433,18,1,1,1.723479492763071,0.0,2.3126978926754637e-18,1.723479492763071,0.10000000000000003,0.9613812613986674,0.9674198323076644,1.0,0.977037856415081,23.662570325822017,0.04032251118083212,1,0.031381,NORMAL,0,0.0957651792626162,1.997332908758474,0.0,2.5594070178012323,0.0,3.084346086041239,0.0
434,18,2,1,1.637662304999076,0.0,2.3126978926754637e-18,1.637662304999076,0.10000000000000003,0.9633676940690097,0.9644850112472628,1.0,0.9782167543172573,22.45664128608878,0.036292057495300595,1,0.033368,NORMAL,0,0.11213654588833456,1.723479492763071,0.0,1.997332908758474,0.0,2.5594070178012323,0.0
435,18,3,1,1.614031313099004,0.0,2.3126978926754637e-18,1.614031313099004,0.10000000000000003,0.9639134402439693,0.9655320989285627,1.0,0.9785406838061345,22.12511215666769,0.03522168824940464,1,0.033913,NORMAL,0,0.10603229472750124,1.637662304999076,0.0,1.723479492763071,0.0,1.997332908758474,0.0
436,18,4,1,1.5987389947218853,0.0,2.3126978926754637e-18,1.5987389947218853,0.10000000000000003,0.9642663234728912,0.9697547536169807,1.0,0.9787501486535943,21.910693630337963,0.03453806174671507,1,0.034266,NORMAL,0,0.08430167651050467,1.614031313099004,0.0,1.637662304999076,0.0,1.723479492763071,0.0
437,18,5,1,1.7695002659688177,0.0,2.3126978926754637e-18,1.7695002659688177,0.10000000000000003,0.9603130631893202,0.9583357433721837,1.0,0.9764040089847336,24.310544177059917,0.04257705801613594,1,0.030313,NORMAL,0,0.15444638013170048,1.5987389947218853,0.0,1.614031313099004,0.0,1.637662304999076,0.0
438,18,6,0,2.3229091334816645,0.1042855705264617,2.3126978926754637e-18,2.218623562955203,0.10000000000000003,0.9509914162637895,0.9507983565636854,1.0,0.9709235925045226,31.063003410422624,0.0672164417808354,1,0.020991,NORMAL,0,0.2230636289981147,1.7695002659688177,0.0,1.5987389947218853,0.0,1.614031313099004,0.0
439,18,7,0,2.670551528302732,0.4639006860725543,2.3126978926754637e-18,2.206650842230178,0.10000000000000003,0.9483065219602628,0.9522114894127874,1.0,0.9734672736517397,32.44567199546081,0.07352893161646261,1,0.018307,NORMAL,0,0.20871486069626327,2.3229091334816645,0.1042855705264617,1.7695002659688177,0.0,1.5987389947218853,0.0
440,18,8,0,2.959199389081298,1.651471346183651,2.3126978926754637e-18,1.3077280428976472,0.10000000000000003,0.9568223898915855,0.9637502692880296,1.0412685069849092,0.9908643753456028,27.775763431278982,0.14950050353359606,1,0.026822,NORMAL,0,0.11660130486290193,2.670551528302732,0.4639006860725543,2.3229091334816645,0.1042855705264617,1.7695002659688177,0.0
441,18,9,0,3.291195325607272,2.0583857173058178,2.3126978926754637e-18,1.2328096083014541,0.10000000000000003,0.9539131618728627,0.9598945148732803,1.057248277158399,0.9929008712905615,30.165183005977852,0.21604354399536702,1,0.023913,NORMAL,0,0.14262325077846366,2.959199389081298,1.651471346183651,2.670551528302732,0.4639006860725543,2.3229091334816645,0.1042855705264617
442,18,10,0,3.297626067899639,1.9258677134594808,2.3126978926754637e-18,1.3717583544401581,0.10000000000000003,0.9523309773610724,0.9606933533199438,1.0497918473248151,0.9907615987962823,30.819319661345034,0.19735181985498956,1,0.022331,NORMAL,0,0.13686203160139745,3.291195325607272,2.0583857173058178,2.959199389081298,1.651471346183651,2.670551528302732,0.4639006860725543
443,18,11,0,3.3475856369318158,1.692511643790397,2.3126978926754637e-18,1.6550739931414187,0.10000000000000003,0.9485870633653104,0.9507374958850721,1.035504192689145,0.986367211128717,32.65749135699351,0.17049624995644114,1,0.018587,NORMAL,0,0.22369712107294254,3.297626067899639,1.9258677134594808,3.291195325607272,2.0583857173058178,2.959199389081298,1.651471346183651
444,18,12,0,3.335621567813275,2.221716920164943,2.3126978926754637e-18,1.1139046476483316,0.10000000000000003,0.9546508966234274,0.9594896649634391,1.0651918637516087,0.9947921613671991,30.103104421302856,0.24321941718020612,1,0.024651,NORMAL,0,0.14561946164788353,3.3475856369318158,1.692511643790397,3.297626067899639,1.9258677134594808,3.291195325607272,2.0583857173058178
445,18,13,0,3.339934871373128,2.7843486591864464,2.3126978926754637e-18,0.5555862121866815,0.10000000000000003,0.9601629788768306,0.9688246119824225,1.0941982640763628,1.002812859623431,28.80854660000704,0.34882760556178616,1,0.030163,NORMAL,0,0.08871095688410878,3.335621567813275,2.221716920164943,3.3475856369318158,1.692511643790397,3.297626067899639,1.9258677134594808
446,18,14,0,3.306099901799309,1.8754369000383615,2.3126978926754637e-18,1.4306630017609476,0.10000000000000003,0.9515844985368657,0.9501810146348679,1.0467927149049319,0.9898558144278766,31.165255135810366,0.19094317113795478,1,0.021584,NORMAL,0,0.22954876393966606,3.339934871373128,2.7843486591864464,3.335621567813275,2.221716920164943,3.3475856369318158,1.692511643790397
447,18,15,0,3.339735365775027,1.443994142798192,2.3126978926754637e-18,1.895741222976835,0.10000000000000003,0.9458462435604017,0.9355267400031159,1.0210465340096162,0.9823353853814093,34.04417382020796,0.14549045423056417,1,0.015846,NORMAL,0,0.4178502991624038,3.306099901799309,1.8754369000383615,3.339934871373128,2.7843486591864464,3.335621567813275,2.221716920164943
448,18,16,0,3.4161242921889228,1.1478033733199726,2.3126978926754637e-18,2.26832091886895,0.10000000000000003,0.9404316385980785,0.9462446688300937,1.0011826454763537,0.9761166955050727,37.180984043026086,0.12993048981237054,1,0.010432,NORMAL,0,0.27394863657016794,3.339735365775027,1.443994142798192,3.306099901799309,1.8754369000383615,3.339934871373128,2.7843486591864464
449,18,17,0,3.4152711921909398,0.3452485453612924,2.3126978926754637e-18,3.0700226468296474,0.10000000000000003,0.9292968307359769,0.9356264830859707,1.0,0.9605111907038444,44.34524128640304,0.13496697392703189,1,-0.000703,HIGH,0,0.41639526001653815,3.4161242921889228,1.1478033733199726,3.339735365775027,1.443994142798192,3.306099901799309,1.8754369000383615
450,18,18,0,3.604302003453764,0.0337450061715228,2.3126978926754637e-18,3.570556997282241,0.10000000000000003,0.9185668984066984,0.9200960425670495,1.0,0.9508896163145815,50.540080358342635,0.18523150086727708,1,-0.011433,CRITICAL,1,0.6443368208187528,3.4152711921909398,0.3452485453612924,3.4161242921889228,1.1478033733199726,3.339735365775027,1.443994142798192
451,18,19,0,3.5569692661486987,0.0,2.3126978926754637e-18,3.5569692661486987,0.10000000000000003,0.9170902094565632,0.9131347200761187,1.0,0.9508176880456928,50.22393774159794,0.18456929080218915,1,-0.01291,CRITICAL,1,0.7333951016031972,3.604302003453764,0.0337450061715228,3.4152711921909398,0.3452485453612924,3.4161242921889228,1.1478033733199726
452,18,20,1,3.453902808338258,0.0,2.3126978926754637e-18,3.453902808338258,0.10000000000000003,0.9196818984402098,0.9210500023646672,1.0,0.9523484113309603,48.687268831721035,0.1732822498628716,1,-0.010318,CRITICAL,1,0.6311142326938554,3.5569692661486987,0.0,3.604302003453764,0.0337450061715228,3.4152711921909398,0.3452485453612924
453,18,21,1,3.366739000944479,0.0,2.3126978926754637e-18,3.366739000944479,0.10000000000000003,0.9218634678965625,0.9224947732081688,1.0,0.9536372573392526,47.39204675652704,0.16405373675839224,1,-0.008137,HIGH,1,0.6107137943569354,3.453902808338258,0.0,3.5569692661486987,0.0,3.604302003453764,0.0337450061715228
454,18,22,1,3.0820712278115416,0.0,2.3126978926754637e-18,3.0820712278115416,0.10000000000000003,0.92892441914137,0.9249571388141381,1.0,0.9578109666252284,43.18914510505567,0.13589518798087225,1,-0.001076,HIGH,1,0.575071062523382,3.366739000944479,0.0,3.453902808338258,0.0,3.5569692661486987,0.0
455,18,23,1,2.532614070550249,0.0,2.3126978926754637e-18,2.532614070550249,0.10000000000000003,0.9422888276408491,0.9469002495912301,1.0,0.9657196232713683,35.18975771486686,0.08978266602099644,1,0.012289,NORMAL,0,0.26619484907530544,3.0820712278115416,0.0,3.366739000944479,0.0,3.453902808338258,0.0
456,19,0,1,2.0142694048120875,0.0,2.3126978926754637e-18,2.0142694048120875,0.10000000000000003,0.9545965830059342,0.9417281011784525,1.0,0.9730131757700896,27.772091595590613,0.05567712712048628,1,0.024597,NORMAL,0,0.3309954857698459,2.532614070550249,0.0,3.0820712278115416,0.0,3.366739000944479,0.0
457,19,1,1,1.7472803819060363,0.0,2.3126978926754637e-18,1.7472803819060363,0.10000000000000003,0.9608290715263224,0.9652102568140621,1.0,0.9767101891336001,23.997575852651327,0.041480357048536046,1,0.030829,NORMAL,0,0.10787670333213313,2.0142694048120875,0.0,2.532614070550249,0.0,3.0820712278115416,0.0
458,19,2,1,1.6494071267064716,0.0,2.3126978926754637e-18,1.6494071267064716,0.10000000000000003,0.9630962535498807,0.9684074082828981,1.0,0.9780556467476366,22.621500945572702,0.036830364167242856,1,0.033096,NORMAL,0,0.09075553800529242,1.7472803819060363,0.0,2.0142694048120875,0.0,2.532614070550249,0.0
459,19,3,1,1.6424154099230506,0.0,2.3126978926754637e-18,1.6424154099230506,0.10000000000000003,0.9632578586409215,0.9572825132476203,1.0,0.9781515633568318,22.52335271216057,0.03650940277285343,1,0.033258,NORMAL,0,0.16288039557513465,1.6494071267064716,0.0,1.7472803819060363,0.0,2.0142694048120875,0.0
460,19,4,1,1.6577096963035585,0.0,2.3126978926754637e-18,1.6577096963035585,0.10000000000000003,0.9629042885459005,0.9671247193486786,1.0,0.9779417128842611,22.738077172497388,0.03721343762578037,1,0.032904,NORMAL,0,0.0973094970785862,1.6424154099230506,0.0,1.6494071267064716,0.0,1.7472803819060363,0.0
461,19,5,1,1.8080300208763136,0.0,2.3126978926754637e-18,1.8080300208763136,0.10000000000000003,0.9594171487410356,0.9422857854959306,1.0,0.9758724460971935,24.853733947644635,0.04451496848311762,1,0.029417,NORMAL,0,0.3236283026787939,1.6577096963035585,0.0,1.6424154099230506,0.0,1.6494071267064716,0.0
462,19,6,0,2.2727351642559173,0.1123050082390039,2.3126978926754637e-18,2.1604301560169135,0.10000000000000003,0.9522504324286938,0.9561309176223369,1.0,0.9717942847239015,30.264014049594927,0.06358870214338529,1,0.02225,NORMAL,0,0.17252238528799954,1.8080300208763136,0.0,1.6577096963035585,0.0,1.6424154099230506,0.0
463,19,7,0,2.681063717845219,0.573820250662548,2.3126978926754637e-18,2.1072434671826707,0.10000000000000003,0.9496000476677926,0.939234237231167,1.0,0.9754877533717159,31.585678234822684,0.07274846859936429,1,0.0196,NORMAL,0,0.3649243082744289,2.2727351642559173,0.1123050082390039,1.8080300208763136,0.0,1.6577096963035585,0.0
464,19,8,0,2.9625541448472754,1.0847376992591842,2.3126978926754637e-18,1.8778164455880912,0.10000000000000003,0.9499661387556743,0.9490103749974468,1.0071516164718324,0.9811767117573472,31.34762747972251,0.10082311416162155,1,0.019966,NORMAL,0,0.24220608760892848,2.681063717845219,0.573820250662548,2.2727351642559173,0.1123050082390039,1.8080300208763136,0.0
465,19,9,0,3.3005407209259223,1.4286756222180554,2.3126978926754637e-18,1.8718650987078669,0.10000000000000003,0.9465520481124654,0.9540612521189356,1.0209677086526565,0.9826044258564895,33.60876016287846,0.14212379697609032,1,0.016552,NORMAL,0,0.19097687913578598,2.9625541448472754,1.0847376992591842,2.681063717845219,0.573820250662548,2.2727351642559173,0.1123050082390039
466,19,10,0,3.3082687974026936,1.8578025674141936,2.3126978926754637e-18,1.4504662299885,0.10000000000000003,0.9513400051580799,0.9532088105104578,1.045755429481065,0.9895479924070852,31.278585221650147,0.18873191803918307,1,0.02134,NORMAL,0,0.19900438218836505,3.3005407209259223,1.4286756222180554,2.9625541448472754,1.0847376992591842,2.681063717845219,0.573820250662548
467,19,11,0,3.317557804497333,2.523888646898849,2.3126978926754637e-18,0.793669157598484,0.10000000000000003,0.9581283396800999,0.9651934175630089,1.0814358976414868,0.9994484981049485,29.01679021941571,0.29603032123968975,1,0.028128,NORMAL,0,0.10797397774685419,3.3082687974026936,1.8578025674141936,3.3005407209259223,1.4286756222180554,2.9625541448472754,1.0847376992591842
468,19,12,0,3.3017419353095803,2.545380531593463,2.3126978926754637e-18,0.7563614037161175,0.10000000000000003,0.9586911024260939,0.9701298380805278,1.0828567055167682,0.9999603916241327,28.786997906363236,0.29966259164083414,1,0.028691,NORMAL,0,0.0825805740680206,3.317557804497333,2.523888646898849,3.3082687974026936,1.8578025674141936,3.3005407209259223,1.4286756222180554
469,19,13,0,3.328300513604576,2.325794933994464,2.3126978926754637e-18,1.0025055796101117,0.10000000000000003,0.9558915696573322,0.9637808877648535,1.0708815012853998,0.9964338107285228,29.67174951809267,0.2604542333529268,1,0.025892,NORMAL,0,0.11641220592530081,3.3017419353095803,2.545380531593463,3.317557804497333,2.523888646898849,3.3082687974026936,1.8578025674141936
470,19,14,0,3.338130005122933,1.7935012551580134,2.3126978926754637e-18,1.5446287499649194,0.10000000000000003,0.9499487978759938,0.9397185508013931,1.0414924636355598,0.9881260351371561,31.991398171319812,0.18191949048138145,1,0.019949,NORMAL,0,0.3582165963502044,3.328300513604576,2.325794933994464,3.3017419353095803,2.545380531593463,3.317557804497333,2.523888646898849
471,19,15,0,3.3423665120707358,2.08785813777837,2.3126978926754637e-18,1.254508374292366,0.10000000000000003,0.9530851214867149,0.9624812965355357,1.0578115053379888,0.9926780165745276,30.6917381004326,0.22242698018107915,1,0.023085,NORMAL,0,0.12467577509534619,3.338130005122933,1.7935012551580134,3.328300513604576,2.325794933994464,3.3017419353095803,2.545380531593463
472,19,16,0,3.3975347590329825,0.9381363351613352,2.3126978926754637e-18,2.4593984238716473,0.10000000000000003,0.9381267255639624,0.9424822076638937,1.0,0.9725313060948304,38.581396214542856,0.1212151205085755,1,0.008127,MODERATE,0,0.3210539569629787,3.3423665120707358,2.08785813777837,3.338130005122933,1.7935012551580134,3.328300513604576,2.325794933994464
473,19,17,0,3.412657406067998,0.6800432713186064,2.3126978926754637e-18,2.732614134749392,0.10000000000000003,0.9342450116471817,0.9498841272088285,1.0,0.9673720213832038,41.048766808651756,0.1212172735863478,1,0.004245,MODERATE,0,0.23271431227907363,3.3975347590329825,0.9381363351613352,3.3423665120707358,2.08785813777837,3.338130005122933,1.7935012551580134
474,19,18,0,3.547762990122704,0.066490525762631,2.3126978926754637e-18,3.4812724643600728,0.10000000000000003,0.9217459763441436,0.9355131595792038,1.0,0.9524757014391309,49.32174887976398,0.1747731684812784,1,-0.008254,HIGH,0,0.4180485198693375,3.412657406067998,0.6800432713186064,3.3975347590329825,0.9381363351613352,3.3423665120707358,2.08785813777837
475,19,19,0,3.5509819308862114,0.0,2.3126978926754637e-18,3.5509819308862114,0.10000000000000003,0.9172411278979664,0.9139176558839216,1.0,0.950906812214506,50.13451594345189,0.1839023984566364,1,-0.012759,CRITICAL,1,0.7241099136909556,3.547762990122704,0.066490525762631,3.412657406067998,0.6800432713186064,3.3975347590329825,0.9381363351613352
476,19,20,1,3.450199469389837,0.0,2.3126978926754637e-18,3.450199469389837,0.10000000000000003,0.9197747768027126,0.9316270915350391,1.0,0.952403276271999,48.63215795599618,0.17288427672648723,1,-0.010225,CRITICAL,0,0.4756129927438946,3.5509819308862114,0.0,3.547762990122704,0.066490525762631,3.412657406067998,0.6800432713186064
477,19,21,1,3.319586733770328,0.0,2.3126978926754637e-18,3.319586733770328,0.10000000000000003,0.9230397497150035,0.9215750347538808,1.0,0.9543323235351451,46.69302368599773,0.15918124647832635,1,-0.00696,HIGH,1,0.6237504890301018,3.450199469389837,0.0,3.5509819308862114,0.0,3.547762990122704,0.066490525762631
478,19,22,1,3.023834012078525,0.0,2.3126978926754637e-18,3.023834012078525,0.10000000000000003,0.9303571540764256,0.9413763790971603,1.0,0.9586582562747937,42.33434322912731,0.13050114982972147,1,0.000357,MODERATE,0,0.33568510447823086,3.319586733770328,0.0,3.450199469389837,0.0,3.5509819308862114,0.0
479,19,23,1,2.461083074878589,0.0,2.3126978926754637e-18,2.461083074878589,0.10000000000000003,0.9440041138768512,0.9542981462514645,1.0,0.9667355182108053,34.15888426675583,0.0845475074295918,1,0.014004,NORMAL,0,0.18879044395939965,3.023834012078525,0.0,3.319586733770328,0.0,3.450199469389837,0.0
480,20,0,1,1.900463476593231,0.0,2.3126978926754637e-18,1.900463476593231,0.10000000000000003,0.9572618763758055,0.9543038220332704,1.0,0.9745938878336644,26.15943481034594,0.049352417471149934,1,0.027262,NORMAL,0,0.18873829520029173,2.461083074878589,0.0,3.023834012078525,0.0,3.319586733770328,0.0
481,20,1,1,1.636323125924399,0.0,2.3126978926754637e-18,1.636323125924399,0.10000000000000003,0.9633986360881832,0.9714951462587421,1.0,0.9782351195642568,22.43784715918828,0.036230945079524304,1,0.033399,NORMAL,0,0.07658278958586029,1.900463476593231,0.0,2.461083074878589,0.0,3.023834012078525,0.0
482,20,2,1,1.550185542302155,0.0,2.3126978926754637e-18,1.550185542302155,0.10000000000000003,0.9653852548611722,0.9560593222941854,1.0,0.9794143761772232,21.23055283960532,0.03241446272106602,1,0.035385,NORMAL,0,0.17313649836908573,1.636323125924399,0.0,1.900463476593231,0.0,2.461083074878589,0.0
483,20,3,1,1.5296025180567396,0.0,2.3126978926754637e-18,1.5296025180567396,0.10000000000000003,0.9658589205508397,0.9689069672668041,1.0,0.9796955800529421,20.942518268246626,0.03153569055565957,1,0.035859,NORMAL,0,0.08831230526995083,1.550185542302155,0.0,1.636323125924399,0.0,1.900463476593231,0.0
484,20,4,1,1.557781928063085,0.0,2.3126978926754637e-18,1.557781928063085,0.10000000000000003,0.9652103417449719,0.9662974034108006,1.0,0.9793105379859758,21.33689926336369,0.03274200833166903,1,0.03521,NORMAL,0,0.10175780529181203,1.5296025180567396,0.0,1.550185542302155,0.0,1.636323125924399,0.0
485,20,5,1,1.6888310212145194,0.0,2.3126978926754637e-18,1.6888310212145194,0.10000000000000003,0.9621841357110132,0.9543405194395871,1.0,0.9775143126661853,23.175307826679386,0.03866808939003016,1,0.032184,NORMAL,0,0.18840138829880512,1.557781928063085,0.0,1.5296025180567396,0.0,1.550185542302155,0.0
486,20,6,0,2.18312451070935,0.1410476590271197,2.3126978926754637e-18,2.0420768516822303,0.10000000000000003,0.9547030658595073,0.9596053595292757,1.0,0.9736445730097597,28.693549971082945,0.05662824984234431,1,0.024703,NORMAL,0,0.14475794000978728,1.6888310212145194,0.0,1.557781928063085,0.0,1.5296025180567396,0.0
487,20,7,0,2.5706619328651743,0.6079910593807306,2.3126978926754637e-18,1.9626708734844436,0.10000000000000003,0.9525650949287985,0.9493285390127115,1.0,0.977665996680192,29.729729578921493,0.06661398385847246,1,0.022565,NORMAL,0,0.23871955826909164,2.18312451070935,0.1410476590271197,1.6888310212145194,0.0,1.557781928063085,0.0
488,20,8,0,2.8664996212632787,1.262617747456532,2.3126978926754637e-18,1.6038818738067466,0.10000000000000003,0.9543271454950795,0.9556577377802813,1.0202204986161125,0.9855946827000429,28.804128375724837,0.1079736157055574,1,0.024327,NORMAL,0,0.17661316811447378,2.5706619328651743,0.6079910593807306,2.18312451070935,0.1410476590271197,1.6888310212145194,0.0
489,20,9,0,3.2276070774033063,1.627125569731053,2.3126978926754637e-18,1.6004815076722534,0.10000000000000003,0.9505388039611019,0.9490988584983109,1.0342408358967616,0.9869015488383858,31.42715805661772,0.15775037966220468,1,0.020539,NORMAL,0,0.24123299379146176,2.8664996212632787,1.262617747456532,2.5706619328651743,0.6079910593807306,2.18312451070935,0.1410476590271197
490,20,10,0,3.2474311298592418,2.342176232539398,2.3126978926754637e-18,0.9052548973198435,0.10000000000000003,0.957854549878879,0.9648033117931178,1.0733748086836472,0.9977296533204976,28.65298982223965,0.26067674491599,1,0.027855,NORMAL,0,0.11024914681984634,3.2276070774033063,1.627125569731053,2.8664996212632787,1.262617747456532,2.5706619328651743,0.6079910593807306
491,20,11,0,3.275601194252077,2.34122232264688,2.3126978926754637e-18,0.9343788716051971,0.10000000000000003,0.9572201667836647,0.9586322120726983,1.0727579108993492,0.9973485719707068,28.991795170369883,0.2614006996145551,1,0.02722,NORMAL,0,0.15213763348783677,3.2474311298592418,2.342176232539398,3.2276070774033063,1.627125569731053,2.8664996212632787,1.262617747456532
492,20,12,0,3.296165973812326,2.359333705825452,2.3126978926754637e-18,0.9368322679868739,0.10000000000000003,0.9569484991041964,0.9551467992376982,1.0732977438823388,0.9973459443010955,29.185700247593406,0.26524271009461087,1,0.026948,NORMAL,0,0.18111552146163112,3.275601194252077,2.34122232264688,3.2474311298592418,2.342176232539398,3.2276070774033063,1.627125569731053
493,20,13,0,3.2451944711128964,2.5900391390447672,2.3126978926754637e-18,0.6551553320681291,0.10000000000000003,0.9603789414830837,0.9622426144348646,1.086266206607823,1.0013259548604239,28.05604855724245,0.3067453681028103,1,0.030379,NORMAL,0,0.12624706126874322,3.296165973812326,2.359333705825452,3.275601194252077,2.34122232264688,3.2474311298592418,2.342176232539398
494,20,14,0,3.240716142355943,1.917858646368616,2.3126978926754637e-18,1.322857495987327,0.10000000000000003,0.9535169168549876,0.9551470188496515,1.0505207123274203,0.9913887866418672,30.124982230018553,0.19398284146433387,1,0.023517,NORMAL,0,0.18111356719547836,3.2451944711128964,2.5900391390447672,3.296165973812326,2.359333705825452,3.275601194252077,2.34122232264688
495,20,15,0,3.2769893166982653,2.1493033121060527,2.3126978926754637e-18,1.1276860045922126,0.10000000000000003,0.9551972992335876,0.9555508444345697,1.0624853866175277,0.9944720033120276,29.636923495206208,0.22948803506284693,1,0.025197,NORMAL,0,0.17754777531287225,3.240716142355943,1.917858646368616,3.2451944711128964,2.5900391390447672,3.296165973812326,2.359333705825452
496,20,16,0,3.333341183387837,1.429578347809316,2.3126978926754637e-18,1.9037628355785208,0.10000000000000003,0.9458181096939743,0.9402696162451113,1.0203184216732195,0.9821764619861215,34.05028042770987,0.1439274013663001,1,0.015818,NORMAL,0,0.35065143740682686,3.2769893166982653,2.1493033121060527,3.240716142355943,1.917858646368616,3.2451944711128964,2.5900391390447672
497,20,17,0,3.400077558024257,0.7536516561893839,2.3126978926754637e-18,2.6464259018348733,0.10000000000000003,0.9355647809621891,0.9362689727665093,1.0,0.9689860488974782,40.202945704376916,0.1196083562570377,1,0.005565,MODERATE,0,0.4070586128260296,3.333341183387837,1.429578347809316,3.2769893166982653,2.1493033121060527,3.240716142355943,1.917858646368616
498,20,18,0,3.5643862154844816,0.0713319367407168,2.3126978926754637e-18,3.493054278743765,0.10000000000000003,0.9214245701856646,0.9255252229662034,1.0,0.9523394528230438,49.51417201739517,0.17596423916961212,1,-0.008575,HIGH,1,0.5667213352224959,3.400077558024257,0.7536516561893839,3.333341183387837,1.429578347809316,3.2769893166982653,2.1493033121060527
499,20,19,0,3.5243002214295043,0.0,2.3126978926754637e-18,3.5243002214295043,0.10000000000000003,0.9179131295920139,0.9184533098380735,1.0,0.9513036783237707,49.736251563144855,0.18094734629906595,1,-0.012087,CRITICAL,1,0.6665898242737108,3.5643862154844816,0.0713319367407168,3.400077558024257,0.7536516561893839,3.333341183387837,1.429578347809316
500,20,20,1,3.404815884428912,0.0,2.3126978926754637e-18,3.404815884428912,0.10000000000000003,0.9209116098974611,0.9124622060223383,1.0,0.9530748713199657,47.95736868644001,0.16804966083770845,1,-0.009088,HIGH,1,0.7412101102392066,3.5243002214295043,0.0,3.5643862154844816,0.0713319367407168,3.400077558024257,0.7536516561893839
501,20,21,1,3.241110348868228,0.0,2.3126978926754637e-18,3.241110348868228,0.10000000000000003,0.9249915059120432,0.9360929490450439,1.0,0.9554858224791359,45.53215873560684,0.15125655376375197,1,-0.005008,HIGH,0,0.40961021892381067,3.404815884428912,0.0,3.5243002214295043,0.0,3.5643862154844816,0.0713319367407168
502,20,22,1,2.950069557758293,0.0,2.3126978926754637e-18,2.950069557758293,0.10000000000000003,0.9321662505804211,0.94278933508522,1.0,0.9597283116882617,41.2540395226996,0.1238444653880949,1,0.002166,MODERATE,0,0.31705044500894125,3.241110348868228,0.0,3.404815884428912,0.0,3.5243002214295043,0.0
503,20,23,1,2.491851622874901,0.0,2.3126978926754637e-18,2.491851622874901,0.10000000000000003,0.9432669703887357,0.933117577753372,1.0,0.9662989146178592,34.60201728230112,0.0867782224398995,1,0.013267,NORMAL,0,0.45337221119633675,2.950069557758293,0.0,3.241110348868228,0.0,3.404815884428912,0.0
504,21,0,1,1.9034772593232323,0.0,2.3126978926754637e-18,1.9034772593232323,0.10000000000000003,0.9571914615079089,0.9570559137746377,1.0,0.9745521209812958,26.202068686368275,0.04951464161628026,1,0.027191,NORMAL,0,0.16474271813294286,2.491851622874901,0.0,2.950069557758293,0.0,3.241110348868228,0.0
505,21,1,1,1.5400445507330958,0.0,2.3126978926754637e-18,1.5400445507330958,0.10000000000000003,0.9656186741397624,0.9795350293379353,1.0,0.9795529498337144,21.08862006835745,0.031979908528323234,1,0.035619,NORMAL,0,0.04870225530462411,1.9034772593232323,0.0,2.491851622874901,0.0,2.950069557758293,0.0
506,21,2,1,1.4515872991975196,0.0,2.3126978926754637e-18,1.4515872991975196,0.10000000000000003,0.9676506024583325,0.972354410206244,1.0,0.9807593833355737,19.85237057511305,0.028320342467186052,1,0.037651,NORMAL,0,0.07301553283162487,1.5400445507330958,0.0,1.9034772593232323,0.0,2.491851622874901,0.0
507,21,3,1,1.425186682829537,0.0,2.3126978926754637e-18,1.425186682829537,0.10000000000000003,0.9682556164067775,0.9788723086332486,1.0,0.9811186523025147,19.484024816415722,0.027273431921252218,1,0.038256,NORMAL,0,0.05057791170327968,1.4515872991975196,0.0,1.5400445507330958,0.0,1.9034772593232323,0.0
508,21,4,1,1.418619010630943,0.0,2.3126978926754637e-18,1.418619010630943,0.10000000000000003,0.9684060240852157,0.9607103484400371,1.0,0.9812079707748331,19.3924356798317,0.027016212968416987,1,0.038406,NORMAL,0,0.13674161735636814,1.425186682829537,0.0,1.4515872991975196,0.0,1.5400445507330958,0.0
509,21,5,1,1.6083514967861077,0.0,2.3126978926754637e-18,1.6083514967861077,0.10000000000000003,0.9640445329704104,0.9677443622660983,1.0,0.9786184970835508,22.045462274148857,0.034966949836154525,1,0.034045,NORMAL,0,0.09409225508821874,1.418619010630943,0.0,1.425186682829537,0.0,1.4515872991975196,0.0
510,21,6,0,2.1432805814398943,0.1378411647424264,2.3126978926754637e-18,2.005439416697468,0.10000000000000003,0.955554341335159,0.9575966280500602,1.0,0.974130317896432,28.161450598566912,0.05453924467785694,1,0.025554,NORMAL,0,0.16032691487973377,1.6083514967861077,0.0,1.418619010630943,0.0,1.425186682829537,0.0
511,21,7,0,2.471559948641984,0.4624070716548445,2.3126978926754637e-18,2.0091528769871396,0.10000000000000003,0.9527963209925788,0.9502180824612844,1.0,0.9761851312072021,29.645661813770026,0.06203329452003347,1,0.022796,NORMAL,0,0.22915566021729145,2.1432805814398943,0.1378411647424264,1.6083514967861077,0.0,1.418619010630943,0.0
512,21,8,0,2.7111123214246216,1.3226352112755753,2.3126978926754637e-18,1.3884771101490463,0.10000000000000003,0.9585125046621411,0.9542127797668353,1.0271522198202623,0.9886938111660478,26.35101696233171,0.10667503713197439,1,0.028513,NORMAL,0,0.18957612013805586,2.471559948641984,0.4624070716548445,2.1432805814398943,0.1378411647424264,1.6083514967861077,0.0
513,21,9,0,3.1570252168960216,1.8632075944903408,2.3126978926754637e-18,1.2938176224056808,0.10000000000000003,0.9547849509894608,0.9560473108030597,1.0491924377524975,0.9916355488200396,29.301523923890933,0.18336760515209105,1,0.024785,NORMAL,0,0.17323969676004694,2.7111123214246216,1.3226352112755753,2.471559948641984,0.4624070716548445,2.1432805814398943,0.1378411647424264
514,21,10,0,3.285057782095824,2.1994638670383484,2.3126978926754637e-18,1.0855939150574758,0.10000000000000003,0.9555447157326635,0.9660339469974187,1.0650244854090234,0.9951215614021516,29.557578482373724,0.23780421173282043,1,0.025545,NORMAL,0,0.10321177281864978,3.1570252168960216,1.8632075944903408,2.7111123214246216,1.3226352112755753,2.471559948641984,0.4624070716548445
515,21,11,0,3.33822757482341,2.594603186699443,2.3126978926754637e-18,0.7436243881239673,0.10000000000000003,0.9583682518267271,0.9555105152388983,1.0846522912954055,1.0001862179403496,29.103661708156032,0.3102628776921832,1,0.028368,NORMAL,0,0.17790139424297793,3.285057782095824,2.1994638670383484,3.1570252168960216,1.8632075944903408,2.7111123214246216,1.3226352112755753
516,21,12,0,3.3832132391980427,1.081014535688142,2.3126978926754637e-18,2.3021987035099007,0.10000000000000003,0.9403305013428388,0.9328328923546323,1.0,0.975362367170924,37.23193210814934,0.12482357283957536,1,0.010331,NORMAL,0,0.4576086263517199,3.33822757482341,2.594603186699443,3.285057782095824,2.1994638670383484,3.1570252168960216,1.8632075944903408
517,21,13,0,3.345406052618913,2.3476422888098853,2.3126978926754637e-18,0.9977637638090275,0.10000000000000003,0.9557348943094255,0.9636871193382078,1.0716901424697498,0.9965316806020046,29.81200253592477,0.2648243087240183,1,0.025735,NORMAL,0,0.11699215949263807,3.3832132391980427,1.081014535688142,3.33822757482341,2.594603186699443,3.285057782095824,2.1994638670383484
518,21,14,0,3.302656242531101,2.3804999899318258,2.3126978926754637e-18,0.922156252599275,0.10000000000000003,0.9570197233607102,0.9524933418570164,1.0742792038064428,0.997570828233286,29.2033608276822,0.2691993872915962,1,0.02702,NORMAL,0,0.2059356909688288,3.345406052618913,2.3476422888098853,3.3832132391980427,1.081014535688142,3.33822757482341,2.594603186699443
519,21,15,0,3.2766404015938986,1.6956403819917285,2.3126978926754637e-18,1.58100001960217,0.10000000000000003,0.9502224753516363,0.9588863744029127,1.0371759246745267,0.9873662197515802,31.69867645149569,0.16757410054006538,1,0.020222,NORMAL,0,0.15018096019734592,3.302656242531101,2.3804999899318258,3.345406052618913,2.3476422888098853,3.3832132391980427,1.081014535688142
520,21,16,0,3.3678239930037024,1.4504264867609118,2.3126978926754637e-18,1.9173975062427906,0.10000000000000003,0.9452850359882115,0.9475781773722456,1.0208297658157282,0.9820648590770952,34.38593836686235,0.14753944594447163,1,0.015285,NORMAL,0,0.25832538651819376,3.2766404015938986,1.6956403819917285,3.302656242531101,2.3804999899318258,3.345406052618913,2.3476422888098853
521,21,17,0,3.3996110569222697,0.8196103628893114,2.3126978926754637e-18,2.5800006940329583,0.10000000000000003,0.936481647629108,0.9418987265550306,1.0,0.9702620943821104,39.61619419692657,0.11966928028646112,1,0.006482,MODERATE,0,0.32873244986633715,3.3678239930037024,1.4504264867609118,3.2766404015938986,1.6956403819917285,3.302656242531101,2.3804999899318258
522,21,18,0,3.545073494041784,0.1073941727593894,2.3126978926754637e-18,3.4376793212823946,0.10000000000000003,0.9224764884586525,0.9176290249271207,1.0,0.9534388618263022,48.81937603961896,0.16953408119993463,1,-0.007524,HIGH,1,0.6774895314066823,3.3996110569222697,0.8196103628893114,3.3678239930037024,1.4504264867609118,3.2766404015938986,1.6956403819917285
523,21,19,0,3.5325805443828457,0.0,2.3126978926754637e-18,3.5325805443828457,0.10000000000000003,0.9177046777051209,0.9177075630970539,1.0,0.9511805689849313,49.85980739231551,0.18186146478472914,1,-0.012295,CRITICAL,1,0.6764590479675631,3.545073494041784,0.1073941727593894,3.3996110569222697,0.8196103628893114,3.3678239930037024,1.4504264867609118
524,21,20,1,3.3555814614639647,0.0,2.3126978926754637e-18,3.3555814614639647,0.10000000000000003,0.9221420527280177,0.9176684149046935,1.0,0.9538018650408113,47.22653475570329,0.1628932079301682,1,-0.007858,HIGH,1,0.6769729183213615,3.5325805443828457,0.0,3.545073494041784,0.1073941727593894,3.3996110569222697,0.8196103628893114
525,21,21,1,3.245797035484671,0.0,2.3126978926754637e-18,3.245797035484671,0.10000000000000003,0.924875152642506,0.932175781414502,1.0,0.9554170499137699,45.60139839259658,0.1517233808795839,1,-0.005125,HIGH,0,0.4674095508389037,3.3555814614639647,0.0,3.5325805443828457,0.0,3.545073494041784,0.1073941727593894
526,21,22,1,2.90316116295465,0.0,2.3126978926754637e-18,2.90316116295465,0.10000000000000003,0.9333134456428185,0.9346557215921929,1.0,0.960406973106154,40.568439087244066,0.11971258315142241,1,0.003313,MODERATE,0,0.43061478325793073,3.245797035484671,0.0,3.3555814614639647,0.0,3.5325805443828457,0.0
527,21,23,1,2.4275817050201733,0.0,2.3126978926754637e-18,2.4275817050201733,0.10000000000000003,0.9448055767671025,0.9468790953459426,1.0,0.9672102572327783,33.676888197158796,0.08215481710385172,1,0.014806,NORMAL,0,0.2664428527015033,2.90316116295465,0.0,3.245797035484671,0.0,3.3555814614639647,0.0
528,22,0,1,1.860762906616688,0.0,2.3126978926754637e-18,1.860762906616688,0.10000000000000003,0.9581886100127559,0.9577370595734237,1.0,0.9751436124252811,25.598182758243386,0.04724201892320422,1,0.028189,NORMAL,0,0.15919584674594844,2.4275817050201733,0.0,2.90316116295465,0.0,3.245797035484671,0.0
529,22,1,1,1.5364745724814817,0.0,2.3126978926754637e-18,1.5364745724814817,0.10000000000000003,0.9657008225160194,0.9690079232666479,1.0,0.9796017195308251,21.0386649427273,0.03182766769425234,1,0.035701,NORMAL,0,0.0878258222290793,1.860762906616688,0.0,2.4275817050201733,0.0,2.90316116295465,0.0
530,22,2,1,1.4558733583345516,0.0,2.3126978926754637e-18,1.4558733583345516,0.10000000000000003,0.9675523185898328,0.9647981001254009,1.0,0.9807010225995062,19.91219721173707,0.028492264241912587,1,0.037552,NORMAL,0,0.11027982464363494,1.5364745724814817,0.0,1.860762906616688,0.0,2.4275817050201733,0.0
531,22,3,1,1.439058025651039,0.0,2.3126978926754637e-18,1.439058025651039,0.10000000000000003,0.9679378130453,0.9691138992769078,1.0,0.9809299317259285,19.67752464852993,0.02782090984695628,1,0.037938,NORMAL,0,0.08731775564786423,1.4558733583345516,0.0,1.5364745724814817,0.0,1.860762906616688,0.0
532,22,4,1,1.4585676124530322,0.0,2.3126978926754637e-18,1.4585676124530322,0.10000000000000003,0.9674905276578113,0.9711103097488913,1.0,0.9806643315895174,19.949808598314426,0.028600616244300124,1,0.037491,NORMAL,0,0.0782317266285077,1.439058025651039,0.0,1.4558733583345516,0.0,1.5364745724814817,0.0
533,22,5,1,1.6562382589498643,0.0,2.3126978926754637e-18,1.6562382589498643,0.10000000000000003,0.9629383147199545,0.9686951793466549,1.0,0.9779619077187913,22.717414647274172,0.03714539342524012,1,0.032938,NORMAL,0,0.08934077572480033,1.4585676124530322,0.0,1.439058025651039,0.0,1.4558733583345516,0.0
534,22,6,0,2.1275084643623234,0.1623533019189461,2.3126978926754637e-18,1.9651551624433774,0.10000000000000003,0.9562682939106425,0.9572969421322882,1.0,0.9748582164891789,27.688675365343542,0.05243651519619003,1,0.026268,NORMAL,0,0.16276238699617732,1.6562382589498643,0.0,1.4585676124530322,0.0,1.439058025651039,0.0
535,22,7,0,2.540964790517619,0.8464676558265083,2.3126978926754637e-18,1.6944971346911109,0.10000000000000003,0.9563942347416072,0.9542411293855845,1.0011894933841294,0.9825577889232928,27.342359144333773,0.06994022658523477,1,0.026394,NORMAL,0,0.18931492507053554,2.1275084643623234,0.1623533019189461,1.6562382589498643,0.0,1.4585676124530322,0.0
536,22,8,0,2.791913512948503,1.3939863759500026,2.3126978926754637e-18,1.3979271369985002,0.10000000000000003,0.9575629131520772,0.9603259630324283,1.0297099360801203,0.9888275845530019,26.995034809622524,0.11617474726639293,1,0.027563,NORMAL,0,0.13948694408177142,2.540964790517619,0.8464676558265083,2.1275084643623234,0.1623533019189461,1.6562382589498643,0.0
537,22,9,0,3.2204097815157207,1.4819330864917717,2.3126978926754637e-18,1.738476695023949,0.10000000000000003,0.9490019248075406,0.947038664935194,1.0258599910610755,0.9845851838999212,32.186113378159796,0.14282574701586848,1,0.019002,NORMAL,0,0.26457575929150323,2.791913512948503,1.3939863759500026,2.540964790517619,0.8464676558265083,2.1275084643623234,0.1623533019189461
538,22,10,0,3.359078512404604,2.1674394987925023,2.3126978926754637e-18,1.1916390136121016,0.10000000000000003,0.9535572385913953,0.9504831941665939,1.0617928257389968,0.9936676428431191,30.591447287675432,0.2353614502515144,1,0.023557,NORMAL,0,0.22635795929182329,3.2204097815157207,1.4819330864917717,2.791913512948503,1.3939863759500026,2.540964790517619,0.8464676558265083
539,22,11,0,3.4162848952910885,2.011250002841506,2.3126978926754637e-18,1.4050348924495824,0.10000000000000003,0.9506013823436477,0.946851723933201,1.052082346847667,0.990521100194753,31.960392178487893,0.2141898961970884,1,0.020601,NORMAL,0,0.2667639620927187,3.359078512404604,2.1674394987925023,3.2204097815157207,1.4819330864917717,2.791913512948503,1.3939863759500026
540,22,12,0,3.373253283207537,2.1041275572876086,2.3126978926754637e-18,1.2691257259199284,0.10000000000000003,0.9525678457218171,0.9515259811620663,1.0580664538673992,0.9925193545659742,31.01636105663604,0.22609621346916875,1,0.022568,NORMAL,0,0.21558907282438744,3.4162848952910885,2.011250002841506,3.359078512404604,2.1674394987925023,3.2204097815157207,1.4819330864917717
541,22,13,0,3.3366437584437065,2.071761435151738,2.3126978926754637e-18,1.2648823232919684,0.10000000000000003,0.9530407307130813,0.9602490260824285,1.0570489212843788,0.9925070293805833,30.684794604342276,0.2197854244055327,1,0.023041,NORMAL,0,0.1400419528252747,3.373253283207537,2.1041275572876086,3.4162848952910885,2.011250002841506,3.359078512404604,2.1674394987925023
542,22,14,0,3.266367594403925,1.559138227549194,2.3126978926754637e-18,1.707229366854731,0.10000000000000003,0.9488741872305811,0.9466374453143451,1.0294470177356752,0.9852594075805964,32.3377048153962,0.15248050744728964,1,0.018874,NORMAL,0,0.26928627698064733,3.3366437584437065,2.071761435151738,3.373253283207537,2.1041275572876086,3.4162848952910885,2.011250002841506
543,22,15,0,3.3290585397625843,0.9803867505443786,2.3126978926754637e-18,2.348671789218206,0.10000000000000003,0.9402653722259757,0.938143223025546,1.0,0.9742651009794613,37.26680567755622,0.11772187396573125,1,0.010265,NORMAL,0,0.3802249869581638,3.266367594403925,1.559138227549194,3.3366437584437065,2.071761435151738,3.373253283207537,2.1041275572876086
544,22,16,0,3.358053339702693,0.4045176487582279,2.3126978926754637e-18,2.953535690944465,0.10000000000000003,0.9315371512319811,0.9388593534477542,1.0,0.9625753738250192,42.90635896752233,0.126257951687317,1,0.001537,MODERATE,0,0.37015283498469087,3.3290585397625843,0.9803867505443786,3.266367594403925,1.559138227549194,3.3366437584437065,2.071761435151738
545,22,17,0,3.320484680019801,0.1385522003342192,2.3126978926754637e-18,3.1819324796855817,0.10000000000000003,0.9283422200767053,0.9341908389564887,1.0,0.9574242081993777,45.152226945505106,0.1434812176932342,1,-0.001658,HIGH,0,0.437466553902005,3.358053339702693,0.4045176487582279,3.3290585397625843,0.9803867505443786,3.266367594403925,1.559138227549194
546,22,18,0,3.4814672398387656,0.0157976260866758,2.3126978926754637e-18,3.4656696137520897,0.10000000000000003,0.9202363285905927,0.9158394819930199,1.0,0.9523021021866792,48.915254951868256,0.17414685871767835,1,-0.009764,HIGH,1,0.7004897474467479,3.320484680019801,0.1385522003342192,3.358053339702693,0.4045176487582279,3.3290585397625843,0.9803867505443786
547,22,19,0,3.38342247465722,0.0,2.3126978926754637e-18,3.38342247465722,0.10000000000000003,0.9214466270106515,0.9107938306452124,1.0,0.9533909678616558,47.639651244209496,0.1657978053521915,1,-0.008553,HIGH,1,0.7599435702678051,3.4814672398387656,0.0157976260866758,3.320484680019801,0.1385522003342192,3.358053339702693,0.4045176487582279
548,22,20,1,3.266544256021849,0.0,2.3126978926754637e-18,3.266544256021849,0.10000000000000003,0.9243597592891585,0.911381572390646,1.0,0.9551124288209476,45.90804587140066,0.15379975893093487,1,-0.00564,HIGH,1,0.7534514508751344,3.38342247465722,0.0,3.4814672398387656,0.0157976260866758,3.320484680019801,0.1385522003342192
549,22,21,1,3.1490589808978395,0.0,2.3126978926754637e-18,3.1490589808978395,0.10000000000000003,0.9272715049873658,0.915538787272297,1.0,0.9568336362477812,44.174477647283645,0.14225224382247212,1,-0.002728,HIGH,1,0.7042612178926313,3.266544256021849,0.0,3.38342247465722,0.0,3.4814672398387656,0.0157976260866758
550,22,22,1,2.781726314429997,0.0,2.3126978926754637e-18,2.781726314429997,0.10000000000000003,0.9362716679840152,0.9332990283942975,1.0,0.9621574057462191,38.79853991359259,0.10937795980516457,1,0.006272,MODERATE,0,0.45067551722637766,3.1490589808978395,0.0,3.266544256021849,0.0,3.38342247465722,0.0
551,22,23,1,2.1215965012585154,0.0,2.3126978926754637e-18,2.1215965012585154,0.10000000000000003,0.9520710508046948,0.9494649259550861,1.0,0.9715157649535403,29.29811357522429,0.062019271798487714,1,0.022071,NORMAL,0,0.2372355828075462,2.781726314429997,0.0,3.1490589808978395,0.0,3.266544256021849,0.0
552,23,0,1,1.733607936218006,0.0,2.3126978926754637e-18,1.733607936218006,0.10000000000000003,0.9611463449682264,0.969179782931416,1.0,0.9768984556182149,23.805102369437154,0.04081309907796171,1,0.031146,NORMAL,0,0.08700323973174012,2.1215965012585154,0.0,2.781726314429997,0.0,3.1490589808978395,0.0
553,23,1,1,1.542595931392546,0.0,2.3126978926754637e-18,1.542595931392546,0.10000000000000003,0.9655599571850639,0.9703859720292399,1.0,0.9795180911150067,21.124325058965184,0.03208894667619286,1,0.03556,NORMAL,0,0.08142371976439887,1.733607936218006,0.0,2.1215965012585154,0.0,2.781726314429997,0.0
554,23,2,1,1.4794825010819297,0.0,2.3126978926754637e-18,1.4794825010819297,0.10000000000000003,0.9670106262914985,0.9681423116009216,1.0,0.9803793776095783,20.24187829915443,0.02944910028853578,1,0.037011,NORMAL,0,0.09207663999650302,1.542595931392546,0.0,1.733607936218006,0.0,2.1215965012585154,0.0
555,23,3,1,1.480597662050999,0.0,2.3126978926754637e-18,1.480597662050999,0.10000000000000003,0.9669850268625311,0.9674655424787311,1.0,0.9803641776774721,20.25745619197825,0.029494707720283914,1,0.036985,NORMAL,0,0.09552794825117655,1.4794825010819297,0.0,1.542595931392546,0.0,1.733607936218006,0.0
556,23,4,1,1.479427130772064,0.0,2.3126978926754637e-18,1.479427130772064,0.10000000000000003,0.9670118973315537,0.9598099716966683,1.0,0.9803801323041218,20.24110483417986,0.02944683674380417,1,0.037012,NORMAL,0,0.14324466176464873,1.480597662050999,0.0,1.4794825010819297,0.0,1.542595931392546,0.0
557,23,5,1,1.6492874294765294,0.0,2.3126978926754637e-18,1.6492874294765294,0.10000000000000003,0.9630990206026934,0.9508523389886083,1.0,0.9780572890481402,22.619820489567378,0.036824856814542326,1,0.033099,NORMAL,0,0.22250280305292733,1.479427130772064,0.0,1.480597662050999,0.0,1.4794825010819297,0.0
558,23,6,0,2.1428634405612006,0.1606526087745007,2.3126978926754637e-18,1.9822108317867,0.10000000000000003,0.955897938709928,0.9521102169984816,1.0,0.9746105320219237,27.923214164827513,0.0533627503269983,1,0.025898,NORMAL,0,0.20972016332310028,1.6492874294765294,0.0,1.479427130772064,0.0,1.480597662050999,0.0
559,23,7,0,2.4349737422234665,0.4809546916772497,2.3126978926754637e-18,1.9540190505462167,0.10000000000000003,0.9538791021683283,0.9579083746788328,1.0,0.9770531709966628,28.96039601184991,0.059836566443032084,1,0.023879,NORMAL,0,0.15782480410053218,2.1428634405612006,0.1606526087745007,1.6492874294765294,0.0,1.479427130772064,0.0
560,23,8,0,2.7915331952663447,0.9146377032899464,2.3126978926754637e-18,1.8768954919763983,0.10000000000000003,0.9516517849788554,0.9505621648122126,1.0000845644753704,0.9804173565868736,30.271474897297445,0.08439029739364108,1,0.021652,NORMAL,0,0.22552927477243573,2.4349737422234665,0.4809546916772497,2.1428634405612006,0.1606526087745007,1.6492874294765294,0.0
561,23,9,0,3.224758781436763,1.8071276849662592,2.3126978926754637e-18,1.4176310964705037,0.10000000000000003,0.9526479397587684,0.9470550511848145,1.044628474928044,0.989850779165108,30.44105581501244,0.17875331825782634,1,0.022648,NORMAL,0,0.2643845018850659,2.7915331952663447,0.9146377032899464,2.4349737422234665,0.4809546916772497,2.1428634405612006,0.1606526087745007
562,23,10,0,3.2728101325373267,2.187793573618001,2.3126978926754637e-18,1.0850165589193255,0.10000000000000003,0.9556951117629685,0.9599775372854505,1.0646459411405977,0.9951068381375613,29.447548632829324,0.2354880105427195,1,0.025695,NORMAL,0,0.14201520639210283,3.224758781436763,1.8071276849662592,2.7915331952663447,0.9146377032899464,2.4349737422234665,0.4809546916772497
563,23,11,0,3.283360275695157,2.8073090201837942,2.3126978926754637e-18,0.47605125551136274,0.10000000000000003,0.9616268667468129,0.9721632434662743,1.0964535310406294,1.0038567923671404,28.366060386555603,0.3522484844902175,1,0.031627,NORMAL,0,0.07379568389395993,3.2728101325373267,2.187793573618001,3.224758781436763,1.8071276849662592,2.7915331952663447,0.9146377032899464
564,23,12,0,3.3145833052887914,2.664544753641554,2.3126978926754637e-18,0.6500385516472376,0.10000000000000003,0.9595728107621403,0.955851442763255,1.0886778454683559,1.0014769001075048,28.705580432416923,0.32346155552381184,1,0.029573,NORMAL,0,0.17492938970683528,3.283360275695157,2.8073090201837942,3.2728101325373267,2.187793573618001,3.224758781436763,1.8071276849662592
565,23,13,0,3.360616741485312,1.9024254272224388,2.3126978926754637e-18,1.4581913142628733,0.10000000000000003,0.9506588726295299,0.9475552831781237,1.0471762744879223,0.9895580885474757,31.743758467963428,0.1968303598978457,1,0.020659,NORMAL,0,0.2585886564399824,3.3145833052887914,2.664544753641554,3.283360275695157,2.8073090201837942,3.2728101325373267,2.187793573618001
566,23,14,0,3.347976196834868,1.7430509429432797,2.3126978926754637e-18,1.6049252538915884,0.10000000000000003,0.9491557803164967,0.9470726555505179,1.0384045675424916,0.987182528821889,32.38677682348075,0.17631312937037574,1,0.019156,NORMAL,0,0.26417912555667245,3.360616741485312,1.9024254272224388,3.3145833052887914,2.664544753641554,3.283360275695157,2.8073090201837942
567,23,15,0,3.346602820246481,1.7879171071583264,2.3126978926754637e-18,1.5586857130881544,0.10000000000000003,0.9496950161621587,0.9595173942573691,1.0409974659753154,0.9879235525860097,32.13176932504771,0.18161727654814364,1,0.019695,NORMAL,0,0.14541258820424105,3.347976196834868,1.7430509429432797,3.360616741485312,1.9024254272224388,3.3145833052887914,2.664544753641554
568,23,16,0,3.4039764375364867,1.2922776523172468,2.3126978926754637e-18,2.11169878521924,0.10000000000000003,0.9425290735657552,0.9352074671480209,1.010444434110424,0.9788456845588138,35.95362133162225,0.13752770084513025,1,0.012529,NORMAL,0,0.4225173155307467,3.346602820246481,1.7879171071583264,3.347976196834868,1.7430509429432797,3.360616741485312,1.9024254272224388
569,23,17,0,3.43271014257238,0.5942849140412663,2.3126978926754637e-18,2.8384252285311136,0.10000000000000003,0.9325580121060656,0.9412122737548173,1.0,0.9653855079259446,42.13717166759657,0.12463268710882786,1,0.002558,MODERATE,0,0.33788438044933755,3.4039764375364867,1.2922776523172468,3.346602820246481,1.7879171071583264,3.347976196834868,1.7430509429432797
570,23,18,0,3.620642389844958,0.0604522192102219,2.3126978926754637e-18,3.560190170634736,0.10000000000000003,0.9198875714763828,0.9147435331504247,1.0,0.9512575923319918,50.47711137081939,0.18351837484905137,1,-0.010112,CRITICAL,1,0.714101449899062,3.43271014257238,0.5942849140412663,3.4039764375364867,1.2922776523172468,3.346602820246481,1.7879171071583264
571,23,19,0,3.492308536686369,0.0,2.3126978926754637e-18,3.492308536686369,0.10000000000000003,0.918717697938022,0.9165738455888768,1.0,0.9517788748597517,49.25922418526994,0.1774404006244528,1,-0.011282,CRITICAL,1,0.6911645386639942,3.620642389844958,0.0604522192102219,3.43271014257238,0.5942849140412663,3.4039764375364867,1.2922776523172468
572,23,20,1,3.401198221120162,0.0,2.3126978926754637e-18,3.401198221120162,0.10000000000000003,0.9210021215569547,0.927359347402157,1.0,0.9531283456840216,47.90362539476681,0.16766764919628602,1,-0.008998,HIGH,1,0.5395271361786138,3.492308536686369,0.0,3.620642389844958,0.0604522192102219,3.43271014257238,0.5942849140412663
573,23,21,1,3.261341966136475,0.0,2.3126978926754637e-18,3.261341966136475,0.10000000000000003,0.9244890407424918,0.9170477273676999,1.0,0.9551888384203238,45.831134508330194,0.15327761020627367,1,-0.005511,HIGH,1,0.6850626055895782,3.401198221120162,0.0,3.492308536686369,0.0,3.620642389844958,0.0604522192102219
574,23,22,1,2.920165698092859,0.0,2.3126978926754637e-18,2.920165698092859,0.10000000000000003,0.9328978718672436,0.9295647580903977,1.0,0.9601611166293424,40.81684867285433,0.121201357333444,1,0.002898,MODERATE,1,0.5065282576430874,3.261341966136475,0.0,3.401198221120162,0.0,3.492308536686369,0.0
575,23,23,1,2.4034392210754367,0.0,2.3126978926754637e-18,2.4034392210754367,0.10000000000000003,0.9453824022661598,0.9440772664923744,1.0,0.9675519599098404,33.32986078791429,0.08045382772436706,1,0.015382,NORMAL,0,0.3005592902988632,2.920165698092859,0.0,3.261341966136475,0.0,3.401198221120162,0.0
576,24,0,1,1.8817362768447985,0.0,2.3126978926754637e-18,1.8817362768447985,0.10000000000000003,0.9576992216830642,0.946944658963934,1.0,0.9748533078568127,25.894601715487457,0.04835076773284572,1,0.027699,NORMAL,0,0.26567469074322636,2.4034392210754367,0.0,2.920165698092859,0.0,3.261341966136475,0.0
577,24,1,1,1.6720835959046276,0.0,2.3126978926754637e-18,1.6720835959046276,0.10000000000000003,0.9625717902572347,0.9529582130324612,1.0,0.9777443759947089,22.93996898526819,0.03788161252463734,1,0.032572,NORMAL,0,0.20141197182691886,1.8817362768447985,0.0,2.4034392210754367,0.0,2.920165698092859,0.0
578,24,2,1,1.605321833255427,0.0,2.3126978926754637e-18,1.605321833255427,0.10000000000000003,0.9641144463349512,0.9616568393253269,1.0,0.9786599962968655,22.00298181779326,0.034831470604962764,1,0.034114,NORMAL,0,0.13017522458193004,1.6720835959046276,0.0,1.8817362768447985,0.0,2.4034392210754367,0.0
579,24,3,1,1.5694023071942962,0.0,2.3126978926754637e-18,1.5694023071942962,0.10000000000000003,0.9649426665413849,0.9697096198229089,1.0,0.9791516346975829,21.499626172334477,0.03324643264100481,1,0.034943,NORMAL,0,0.08451095790901912,1.605321833255427,0.0,1.6720835959046276,0.0,1.8817362768447985,0.0
580,24,4,1,1.5936590352475706,0.0,2.3126978926754637e-18,1.5936590352475706,0.10000000000000003,0.9643834983259795,0.9688374998265554,1.0,0.9788197031458032,21.83948737671882,0.03431253701793083,1,0.034383,NORMAL,0,0.08864846453991777,1.5694023071942962,0.0,1.605321833255427,0.0,1.6720835959046276,0.0
581,24,5,1,1.7262776944982317,0.0,2.3126978926754637e-18,1.7262776944982317,0.10000000000000003,0.9613163706229859,0.9626534686356012,1.0,0.9769993495025936,23.701943565334382,0.04045773114412931,1,0.031316,NORMAL,0,0.1235527729015015,1.5936590352475706,0.0,1.5694023071942962,0.0,1.605321833255427,0.0
582,24,6,0,2.179279031527769,0.1473054699814821,2.3126978926754637e-18,2.031973561546287,0.10000000000000003,0.9548818218876117,0.9471572577992398,1.0,0.9738284489659736,28.575005925286945,0.056078224693021365,1,0.024882,NORMAL,0,0.2631935651159267,1.7262776944982317,0.0,1.5936590352475706,0.0,1.5694023071942962,0.0
583,24,7,0,2.526452396553498,0.5791320373294746,2.3126978926754637e-18,1.9473203592240234,0.10000000000000003,0.953168566428337,0.9450452585424839,1.0,0.9777139658863842,29.36351618535139,0.0642155400356876,1,0.023169,NORMAL,0,0.2884927785357381,2.179279031527769,0.1473054699814821,1.7262776944982317,0.0,1.5936590352475706,0.0
584,24,8,0,2.830433074205211,1.1858770878384854,2.3126978926754637e-18,1.6445559863667256,0.10000000000000003,0.9541973442154732,0.961435030837765,1.0162968748871153,0.9847455140772201,28.826925723348435,0.10077564319069371,1,0.024197,NORMAL,0,0.1316895732284075,2.526452396553498,0.5791320373294746,2.179279031527769,0.1473054699814821,1.7262776944982317,0.0
585,24,9,0,3.289171873310329,2.278680129711847,2.3126978926754637e-18,1.010491743598482,0.10000000000000003,0.9562766417431174,0.9499741140501784,1.0691739416789348,0.9962489855673429,29.34461809326061,0.25107940600795975,1,0.026277,NORMAL,0,0.23175162972047814,2.830433074205211,1.1858770878384854,2.526452396553498,0.5791320373294746,2.179279031527769,0.1473054699814821
586,24,10,0,3.3190752052381742,2.7026194239631844,2.3126978926754637e-18,0.6164557812749898,0.10000000000000003,0.9598413368639291,0.9617364321529455,1.0905117482665807,1.001950468605855,28.694141166596282,0.3313100365621363,1,0.029841,NORMAL,0,0.12963544291760887,3.289171873310329,2.278680129711847,2.830433074205211,1.1858770878384854,2.526452396553498,0.5791320373294746
587,24,11,0,3.3446695115182776,2.5721203540643875,2.3126978926754637e-18,0.7725491574538901,0.10000000000000003,0.9580046130542846,0.9518773258204963,1.083373842615744,0.9997838732471531,29.224512558030025,0.30608524339635207,1,0.028005,NORMAL,0,0.2120454872280511,3.3190752052381742,2.7026194239631844,3.289171873310329,2.278680129711847,2.830433074205211,1.1858770878384854
588,24,12,0,3.3585542592578843,2.2650260511541638,2.3126978926754637e-18,1.0935282081037205,0.10000000000000003,0.9545906276301218,0.9545143500552095,1.067042496712724,0.9951379545975497,30.236664549463732,0.2511915439113171,1,0.024591,NORMAL,0,0.18681178097991313,3.3446695115182776,2.5721203540643875,3.3190752052381742,2.7026194239631844,3.289171873310329,2.278680129711847
589,24,13,0,3.39390403762835,2.1570907719314367,2.3126978926754637e-18,1.236813265696913,0.10000000000000003,0.952668987007074,0.9541456603781038,1.0605219995379964,0.9930526298956794,31.067398984252538,0.23506762509537155,1,0.022669,NORMAL,0,0.1901956150998363,3.3585542592578843,2.2650260511541638,3.3446695115182776,2.5721203540643875,3.3190752052381742,2.7026194239631844
590,24,14,0,3.339001865016975,2.422250606260336,2.3126978926754637e-18,0.9167512587566389,0.10000000000000003,0.9566355867913895,0.9561265646214239,1.0757346197106485,0.9977050574459412,29.5212353002343,0.2778615344444087,1,0.026636,NORMAL,0,0.17255967412695622,3.39390403762835,2.1570907719314367,3.3585542592578843,2.2650260511541638,3.3446695115182776,2.5721203540643875
591,24,15,0,3.3933740968433046,1.9586562131735408,2.3126978926754637e-18,1.4347178836697638,0.10000000000000003,0.9505418596192609,0.949886580588764,1.0496384079845174,0.9900058679849773,31.903873684749673,0.20584837195363948,1,0.020542,NORMAL,0,0.23268802902320967,3.339001865016975,2.422250606260336,3.39390403762835,2.1570907719314367,3.3585542592578843,2.2650260511541638
592,24,16,0,3.4243076103102914,1.1225588379436244,2.3126978926754637e-18,2.301748772366667,0.10000000000000003,0.9399200857839493,0.9398359487435312,1.0,0.9755491746030226,37.4883005765078,0.1292645106444796,1,0.00992,MODERATE,0,0.3565988493229384,3.3933740968433046,1.9586562131735408,3.339001865016975,2.422250606260336,3.39390403762835,2.1570907719314367
593,24,17,0,3.44873554132997,0.5198154773911013,2.3126978926754637e-18,2.9289200639388686,0.10000000000000003,0.9311041668604035,0.933265166688193,1.0,0.9636527870973037,43.08444517626421,0.12850792863107374,1,0.001104,MODERATE,0,0.45117855011714214,3.4243076103102914,1.1225588379436244,3.3933740968433046,1.9586562131735408,3.339001865016975,2.422250606260336
594,24,18,0,3.608873335916817,0.0811373427997921,2.3126978926754637e-18,3.527735993117025,0.10000000000000003,0.9205116757580499,0.9247864763718515,1.0,0.9519027523727509,50.06552966783523,0.17958228779407093,1,-0.009488,HIGH,1,0.5775713475449314,3.44873554132997,0.5198154773911013,3.4243076103102914,1.1225588379436244,3.3933740968433046,1.9586562131735408
595,24,19,0,3.5380235109789444,0.0,2.3126978926754637e-18,3.5380235109789444,0.10000000000000003,0.9175676078603975,0.9247109084385601,1.0,0.9510996186775534,49.94104504446245,0.18246379133202562,1,-0.012432,CRITICAL,1,0.5786771927493598,3.608873335916817,0.0811373427997921,3.44873554132997,0.5198154773911013,3.4243076103102914,1.1225588379436244
596,24,20,1,3.417315040858297,0.0,2.3126978926754637e-18,3.417315040858297,0.10000000000000003,0.9205987654808903,0.9185355333836966,1.0,0.9528900468160432,48.14310611865148,0.16937334895931985,1,-0.009401,HIGH,1,0.6654924843659746,3.5380235109789444,0.0,3.608873335916817,0.0811373427997921,3.44873554132997,0.5198154773911013
597,24,21,1,3.28361126204539,0.0,2.3126978926754637e-18,3.28361126204539,0.10000000000000003,0.9239354011384439,0.9175024853353956,1.0,0.9548616270088081,46.16046391882735,0.15551984036441788,1,-0.006065,HIGH,1,0.679146205778827,3.417315040858297,0.0,3.5380235109789444,0.0,3.608873335916817,0.0811373427997921
598,24,22,1,2.9430066018335674,0.0,2.3126978926754637e-18,2.9430066018335674,0.10000000000000003,0.9323391436041736,0.9330080403835964,1.0,0.959830586779362,41.150740509984004,0.12321731543751473,1,0.002339,MODERATE,0,0.4550014761203129,3.28361126204539,0.0,3.417315040858297,0.0,3.5380235109789444,0.0
599,24,23,1,2.3792799700366776,0.0,2.3126978926754637e-18,2.3792799700366776,0.10000000000000003,0.9459590084229185,0.9498935641235479,1.0,0.9678935539619652,32.98285899849246,0.07877111476644291,1,0.015959,NORMAL,0,0.23261322517882096,2.9430066018335674,0.0,3.28361126204539,0.0,3.417315040858297,0.0
600,25,0,1,1.8838464085325235,0.0,2.3126978926754637e-18,1.8838464085325235,0.10000000000000003,0.9576499601664477,0.9592260163823062,1.0,0.9748240868148167,25.924434883336495,0.04846308135091814,1,0.02765,NORMAL,0,0.14759861669285357,2.3792799700366776,0.0,2.9430066018335674,0.0,3.28361126204539,0.0
601,25,1,1,1.5597461599947038,0.0,2.3126978926754637e-18,1.5597461599947038,0.10000000000000003,0.9651651047323617,0.9765843096002019,1.0,0.979283683077055,21.364401620695357,0.03282698656174141,1,0.035165,NORMAL,0,0.05759178597422643,1.8838464085325235,0.0,2.3792799700366776,0.0,2.9430066018335674,0.0
602,25,2,1,1.4830874064150776,0.0,2.3126978926754637e-18,1.4830874064150776,0.10000000000000003,0.9669278685209705,0.9641866345487725,1.0,0.9803302394522644,20.29223773682337,0.029596666587466257,1,0.036928,NORMAL,0,0.11393137864242912,1.5597461599947038,0.0,1.8838464085325235,0.0,2.3792799700366776,0.0
603,25,3,1,1.4583827397355746,0.0,2.3126978926754637e-18,1.4583827397355746,0.10000000000000003,0.9674947678090464,0.9674858220969023,1.0,0.980666849353254,19.947227707897326,0.028593174490969302,1,0.037495,NORMAL,0,0.09542286756843626,1.4830874064150776,0.0,1.5597461599947038,0.0,1.8838464085325235,0.0
604,25,4,1,1.4954906781841866,0.0,2.3126978926754637e-18,1.4954906781841866,0.10000000000000003,0.9666430331095202,0.9554434643182191,1.0,0.9801611191323564,20.46554839220717,0.03010736422821829,1,0.036643,NORMAL,0,0.17849053871284537,1.4583827397355746,0.0,1.4830874064150776,0.0,1.5597461599947038,0.0
605,25,5,1,1.6883546798519868,0.0,2.3126978926754637e-18,1.6883546798519868,0.10000000000000003,0.9621951653854798,0.9702194321214989,1.0,0.9775208583746531,23.168612538535452,0.03864560126689723,1,0.032195,NORMAL,0,0.08217422268631293,1.4954906781841866,0.0,1.4583827397355746,0.0,1.4830874064150776,0.0
606,25,6,0,2.125094982278745,0.1720307075437781,2.3126978926754637e-18,1.9530642747349667,0.10000000000000003,0.9564636383504798,0.9664181337726543,1.0,0.9750919250543696,27.55673856053337,0.051849849846926616,1,0.026464,NORMAL,0,0.10109760456876218,1.6883546798519868,0.0,1.4954906781841866,0.0,1.4583827397355746,0.0
607,25,7,0,2.471883224515987,0.5984812570350873,2.3126978926754637e-18,1.8734019674809,0.10000000000000003,0.9546594883401205,0.954287498025834,1.0,0.9788328809783003,28.42977768364911,0.061466449994543565,1,0.024659,NORMAL,0,0.1888883090732496,2.125094982278745,0.1720307075437781,1.6883546798519868,0.0,1.4954906781841866,0.0
608,25,8,0,2.831044540876697,1.5317098790749268,2.3126978926754637e-18,1.2993346618017703,0.10000000000000003,0.9582997447687484,0.962113429010229,1.0370036314443127,0.9906015725580241,26.73680540630582,0.1314478178559678,1,0.0283,NORMAL,0,0.12710455803997497,2.471883224515987,0.5984812570350873,2.125094982278745,0.1720307075437781,1.6883546798519868,0.0
609,25,9,0,3.315071784002689,2.0731070884227614,2.3126978926754637e-18,1.2419646955799277,0.10000000000000003,0.9535375021355439,0.9512559615155822,1.057564649344194,0.9928119792305656,30.406782140233275,0.21915547800703558,1,0.023538,NORMAL,0,0.21834148337924586,2.831044540876697,1.5317098790749268,2.471883224515987,0.5984812570350873,2.125094982278745,0.1720307075437781
610,25,10,0,3.3401529754874724,2.341719015311841,2.3126978926754637e-18,0.9984339601756314,0.10000000000000003,0.955791137732906,0.9692713797433984,1.0714835741268507,0.9965132762949521,29.7664668278398,0.2636150232879469,1,0.025791,NORMAL,0,0.08656767715753932,3.315071784002689,2.0731070884227614,2.831044540876697,1.5317098790749268,2.471883224515987,0.5984812570350873
611,25,11,0,3.336603243225028,2.582050144459015,2.3126978926754637e-18,0.7545530987660127,0.10000000000000003,0.958280935428186,0.9560946482506776,1.084042802631885,1.000029440297167,29.110763290538188,0.30776937735220855,1,0.028281,NORMAL,0,0.1728332721909741,3.3401529754874724,2.341719015311841,3.315071784002689,2.0731070884227614,2.831044540876697,1.5317098790749268
612,25,12,0,3.3358936270676907,2.2238599197101934,2.3126978926754637e-18,1.1120337073574973,0.10000000000000003,0.954667217867496,0.9546368177219549,1.0653012226486358,0.9948206746558284,30.098973356793508,0.2435794583580601,1,0.024667,NORMAL,0,0.18569808211065603,3.336603243225028,2.582050144459015,3.3401529754874724,2.341719015311841,3.315071784002689,2.0731070884227614
613,25,13,0,3.314593236332688,2.324640731872784,2.3126978926754637e-18,0.9899525044599038,0.10000000000000003,0.9561845253228959,0.9556716902510376,1.0710970348189404,0.996595909975693,29.509587348657867,0.2597936819465377,1,0.026185,NORMAL,0,0.1764914621711826,3.3358936270676907,2.2238599197101934,3.336603243225028,2.582050144459015,3.3401529754874724,2.341719015311841
614,25,14,0,3.2701857064238347,1.7133708702626298,2.3126978926754637e-18,1.5568148361612049,0.10000000000000003,0.950570095531687,0.9387016819393271,1.0383317022391507,0.9877401094767483,31.517713516827406,0.16932500653799637,1,0.02057,NORMAL,0,0.3723611005511636,3.314593236332688,2.324640731872784,3.3358936270676907,2.2238599197101934,3.336603243225028,2.582050144459015
615,25,15,0,3.311579258410996,1.906507501806584,2.3126978926754637e-18,1.4050717566044122,0.10000000000000003,0.9518050952033885,0.939975983826662,1.0484214653411572,0.9902729018558986,31.0889818507267,0.1953024941824979,1,0.021805,NORMAL,0,0.35467343424374603,3.2701857064238347,1.7133708702626298,3.314593236332688,2.324640731872784,3.3358936270676907,2.2238599197101934
616,25,16,0,3.335339139924008,1.2556208953322805,2.3126978926754637e-18,2.079718244591728,0.10000000000000003,0.9436422967663115,0.9503150841980663,1.0096784980439473,0.9791389965290614,35.26263770879564,0.13112953695531515,1,0.013642,NORMAL,0,0.2281291985025333,3.311579258410996,1.906507501806584,3.2701857064238347,1.7133708702626298,3.314593236332688,2.324640731872784
617,25,17,0,3.4227941179736074,0.5566552741764275,2.3126978926754637e-18,2.86613884379718,0.10000000000000003,0.9322486784057041,0.9268671698588856,1.0,0.9647693475637763,42.35212774767067,0.12497501427785424,1,0.002249,MODERATE,1,0.5468545752673845,3.335339139924008,1.2556208953322805,3.311579258410996,1.906507501806584,3.2701857064238347,1.7133708702626298
618,25,18,0,3.6033398858519496,0.0806255481943172,2.3126978926754637e-18,3.5227143376576326,0.10000000000000003,0.9206369056785545,0.9178286554061698,1.0,0.9519731700198184,49.98886091633942,0.17904082022930431,1,-0.009363,HIGH,1,0.6748668618950996,3.4227941179736074,0.5566552741764275,3.335339139924008,1.2556208953322805,3.311579258410996,1.906507501806584
619,25,19,0,3.571370004028225,0.0,2.3126978926754637e-18,3.571370004028225,0.10000000000000003,0.9167270364665951,0.908577504807997,1.0,0.9506032242797465,50.43909307012869,0.18617899104763763,1,-0.013273,CRITICAL,1,0.7833590395920214,3.6033398858519496,0.0806255481943172,3.4227941179736074,0.5566552741764275,3.335339139924008,1.2556208953322805
620,25,20,1,3.41593291806562,0.0,2.3126978926754637e-18,3.41593291806562,0.10000000000000003,0.9206333683855097,0.9083260328452896,1.0,0.9529104894486726,48.12256377559857,0.1692266872381952,1,-0.009367,HIGH,1,0.7859086934235187,3.571370004028225,0.0,3.6033398858519496,0.0806255481943172,3.4227941179736074,0.5566552741764275
621,25,21,1,3.270988484405284,0.0,2.3126978926754637e-18,3.270988484405284,0.10000000000000003,0.9242492906108573,0.9204242511261834,1.0,0.9550471390751643,45.97376089672908,0.15424662024691346,1,-0.005751,HIGH,1,0.6398112318066412,3.41593291806562,0.0,3.571370004028225,0.0,3.6033398858519496,0.0806255481943172
622,25,22,1,2.9229047279414604,0.0,2.3126978926754637e-18,2.9229047279414604,0.10000000000000003,0.9328309018872929,0.9340097347295336,1.0,0.9601214977609763,40.85687478591159,0.12144212556414957,1,0.002831,MODERATE,0,0.44014241749310046,3.270988484405284,0.0,3.41593291806562,0.0,3.571370004028225,0.0
623,25,23,1,2.418920928445047,0.0,2.3126978926754637e-18,2.418920928445047,0.10000000000000003,0.9450125761636227,0.9417964040858539,1.0,0.9673328780813842,33.55236630794708,0.08154237170609221,1,0.015013,NORMAL,0,0.3300886257417767,2.9229047279414604,0.0,3.270988484405284,0.0,3.41593291806562,0.0
624,26,0,1,1.8055201015237885,0.0,2.3126978926754637e-18,1.8055201015237885,0.10000000000000003,0.959475555059404,0.966883153115623,1.0,0.9759070981386729,24.818330080615045,0.04438732676586919,1,0.029476,NORMAL,0,0.09859010491329288,2.418920928445047,0.0,2.9229047279414604,0.0,3.270988484405284,0.0
625,26,1,1,1.5994411095010832,0.0,2.3126978926754637e-18,1.5994411095010832,0.10000000000000003,0.9642501264816713,0.9596322809437348,1.0,0.9787405342555924,21.920536079767622,0.03456929364997105,1,0.03425,NORMAL,0,0.14455807749801158,1.8055201015237885,0.0,2.418920928445047,0.0,2.9229047279414604,0.0
626,26,2,1,1.5436700132082526,0.0,2.3126978926754637e-18,1.5436700132082526,0.10000000000000003,0.9655352366355211,0.9440498508537348,1.0,0.9795034152355876,21.13935697139744,0.032134908270954,1,0.035535,NORMAL,0,0.30090520823688494,1.5994411095010832,0.0,1.8055201015237885,0.0,2.418920928445047,0.0
627,26,3,1,1.5177651929007874,0.0,2.3126978926754637e-18,1.5177651929007874,0.10000000000000003,0.9661311442801626,0.9710082377760878,1.0,0.9798571989642897,20.776948276319327,0.031036081100987642,1,0.036131,NORMAL,0,0.07867450288315463,1.5436700132082526,0.0,1.5994411095010832,0.0,1.8055201015237885,0.0
628,26,4,1,1.5159480790254525,0.0,2.3126978926754637e-18,1.5159480790254525,0.10000000000000003,0.9661729208117963,0.9655379697034717,1.0,0.9798820020467647,20.751537207256302,0.03095976027931472,1,0.036173,NORMAL,0,0.10599891011025839,1.5177651929007874,0.0,1.5436700132082526,0.0,1.5994411095010832,0.0
629,26,5,1,1.706180469293231,0.0,2.3126978926754637e-18,1.706180469293231,0.10000000000000003,0.9617822598619705,0.9564891136803713,1.0,0.9772758191974593,23.419230545922566,0.0394918982767034,1,0.031782,NORMAL,0,0.16947581451357843,1.5159480790254525,0.0,1.5177651929007874,0.0,1.5436700132082526,0.0
630,26,6,0,2.157009938485377,0.1607223359491131,2.3126978926754637e-18,1.996287602536264,0.10000000000000003,0.9555804226500106,0.966731066247328,1.0,0.9744161520308896,28.122808440365205,0.05414402125183089,1,0.02558,NORMAL,0,0.0994040391423419,1.706180469293231,0.0,1.5159480790254525,0.0,1.5177651929007874,0.0
631,26,7,0,2.535515283546333,0.7110670856201523,2.3126978926754637e-18,1.8244481979261806,0.10000000000000003,0.9547413497629883,0.9674187475268441,1.0,0.9801103431078888,28.35825320528422,0.06596990708350312,1,0.024741,NORMAL,0,0.09577081555517716,2.157009938485377,0.1607223359491131,1.706180469293231,0.0,1.5159480790254525,0.0
632,26,8,0,2.8440918894201053,1.022696235700749,2.3126978926754637e-18,1.8213956537193563,0.10000000000000003,0.9518522965965462,0.9381145855079477,1.005823048288953,0.9816677343607818,30.174166798309184,0.09170547699595877,1,0.021852,NORMAL,0,0.380629982850083,2.535515283546333,0.7110670856201523,2.157009938485377,0.1607223359491131,1.706180469293231,0.0
633,26,9,0,3.292015803649864,1.6861533759957843,2.3126978926754637e-18,1.6058624276540798,0.10000000000000003,0.9497675880136043,0.9444440894768293,1.0363057686447275,0.987006546618973,31.95421368341527,0.16719648700943432,1,0.019768,NORMAL,0,0.2959528101277339,2.8440918894201053,1.022696235700749,2.535515283546333,0.7110670856201523,2.157009938485377,0.1607223359491131
634,26,10,0,3.299925496582223,1.4387565756848275,2.3126978926754637e-18,1.8611689208973954,0.10000000000000003,0.9466871224335913,0.9549583290575011,1.021585644597385,0.9827842042560706,33.53543475938451,0.1429532567837686,1,0.016687,NORMAL,0,0.1827987243334406,3.292015803649864,1.6861533759957843,2.8440918894201053,1.022696235700749,2.535515283546333,0.7110670856201523
635,26,11,0,3.3124496525701206,1.7952887369041686,2.3126978926754637e-18,1.517160915665952,0.10000000000000003,0.9505468207545724,0.947025509479575,1.042130333806029,0.9884966562711315,31.645031707295658,0.18100097153374525,1,0.020547,NORMAL,0,0.26472937153237436,3.299925496582223,1.4387565756848275,3.292015803649864,1.6861533759957843,2.8440918894201053,1.022696235700749
636,26,12,0,3.3945919747041886,2.7886896179518104,2.3126978926754637e-18,0.6059023567523782,0.10000000000000003,0.9589973450318869,0.9675011349572142,1.0933382690568088,1.002167191256753,29.404870353230056,0.3512286904376476,1,0.028997,NORMAL,0,0.09534359111638817,3.3124496525701206,1.7952887369041686,3.299925496582223,1.4387565756848275,3.292015803649864,1.6861533759957843
637,26,13,0,3.3915233150342794,2.258641450538851,2.3126978926754637e-18,1.1328818644954284,0.10000000000000003,0.95378857590396,0.9623941077949599,1.066032763094916,0.9946103231173392,30.664869892871565,0.25132870575294003,1,0.023789,NORMAL,0,0.12524780039561068,3.3945919747041886,2.7886896179518104,3.3124496525701206,1.7952887369041686,3.299925496582223,1.4387565756848275
638,26,14,0,3.414701937983212,1.3780361529712104,2.3126978926754637e-18,2.0366657850120014,0.10000000000000003,0.9433396933948319,0.9395437978542082,1.015453138411132,0.9801895200264221,35.50822735207836,0.1442735126130183,1,0.01334,NORMAL,0,0.3606306786550207,3.3915233150342794,2.258641450538851,3.3945919747041886,2.7886896179518104,3.3124496525701206,1.7952887369041686
639,26,15,0,3.4141550962233325,0.8277995067041577,2.3126978926754637e-18,2.586355589519175,0.10000000000000003,0.9362555962257635,0.9386987316062915,1.0,0.9702152649866035,39.75294808508168,0.12078213703777038,1,0.006256,MODERATE,0,0.37240247252694086,3.414701937983212,1.3780361529712104,3.3915233150342794,2.258641450538851,3.3945919747041886,2.7886896179518104
640,26,16,0,3.458264999951842,0.9270657719416476,2.3126978926754637e-18,2.5311992280101943,0.10000000000000003,0.9365726041904591,0.9488353472242651,1.0,0.9714792830407208,39.536568056297774,0.12524437491639565,1,0.006573,MODERATE,0,0.24413880220830994,3.4141550962233325,0.8277995067041577,3.414701937983212,1.3780361529712104,3.3915233150342794,2.258641450538851
641,26,17,0,3.5126142572019785,0.4450711560532601,2.3126978926754637e-18,3.0675431011487184,0.10000000000000003,0.9284947430040592,0.9368353564291225,1.0,0.9612009381817845,44.75378421720293,0.13764933373611424,1,-0.001505,HIGH,0,0.3988830154837022,3.458264999951842,0.9270657719416476,3.4141550962233325,0.8277995067041577,3.414701937983212,1.3780361529712104
642,26,18,0,3.623008932841075,0.0398376352443736,2.3126978926754637e-18,3.5831712975967016,0.10000000000000003,0.91857671115795,0.9149952645378893,1.0,0.9507509569915027,50.74931828709409,0.18650526800781875,1,-0.011423,CRITICAL,1,0.7110078874603729,3.5126142572019785,0.4450711560532601,3.458264999951842,0.9270657719416476,3.4141550962233325,0.8277995067041577
643,26,19,0,3.625979205194287,0.0,2.3126978926754637e-18,3.625979205194287,0.10000000000000003,0.9153474736485321,0.9147313647568949,1.0,0.9497886354752078,51.255991112510635,0.19235645245705443,1,-0.014653,CRITICAL,1,0.7142504849647622,3.623008932841075,0.0398376352443736,3.5126142572019785,0.4450711560532601,3.458264999951842,0.9270657719416476
644,26,20,1,3.45424423337222,0.0,2.3126978926754637e-18,3.45424423337222,0.10000000000000003,0.9196733347758757,0.9278517157844475,1.0,0.9523433526476479,48.69235007657288,0.17331896691133672,1,-0.010327,CRITICAL,1,0.5321797215338694,3.625979205194287,0.0,3.623008932841075,0.0398376352443736,3.5126142572019785,0.4450711560532601
645,26,21,1,3.322835571014496,0.0,2.3126978926754637e-18,3.322835571014496,0.10000000000000003,0.9229587891957118,0.9367048467480199,1.0,0.9542844809084512,46.74115029113868,0.1595142840978264,1,-0.007041,HIGH,0,0.40076207403998115,3.45424423337222,0.0,3.625979205194287,0.0,3.623008932841075,0.0398376352443736
646,26,22,1,3.0022610758482253,0.0,2.3126978926754637e-18,3.0022610758482253,0.10000000000000003,0.9308868862563386,0.937863724308759,1.0,0.9589715631736618,42.018123536920314,0.12853413041851,1,0.000887,MODERATE,0,0.3841847463361673,3.322835571014496,0.0,3.45424423337222,0.0,3.625979205194287,0.0
647,26,23,1,2.4142507886449067,0.0,2.3126978926754637e-18,2.4142507886449067,0.10000000000000003,0.9451241630408659,0.9383780736840359,1.0,0.9673989802719242,33.48523477893094,0.08121316377727904,1,0.015124,NORMAL,0,0.3769100275790387,3.0022610758482253,0.0,3.322835571014496,0.0,3.45424423337222,0.0
648,27,0,1,1.8254380339674572,0.0,2.3126978926754637e-18,1.8254380339674572,0.10000000000000003,0.9590118904108196,0.957833972422752,1.0,0.9756320151584896,25.099357860789382,0.04540563869362534,1,0.029012,NORMAL,0,0.15841906647936266,2.4142507886449067,0.0,3.0022610758482253,0.0,3.322835571014496,0.0
649,27,1,1,1.6071421174550158,0.0,2.3126978926754637e-18,1.6071421174550158,0.10000000000000003,0.9640724420008202,0.9573133474405038,1.0,0.9786350633048873,22.028504492712297,0.03491283591425174,1,0.034072,NORMAL,0,0.16262829765687326,1.8254380339674572,0.0,2.4142507886449067,0.0,3.0022610758482253,0.0
650,27,2,1,1.552765334467842,0.0,2.3126978926754637e-18,1.552765334467842,0.10000000000000003,0.9653258591509403,0.9618247053447674,1.0,0.9793791153558031,21.2666662457262,0.032525504610497795,1,0.035326,NORMAL,0,0.12903902189234912,1.6071421174550158,0.0,1.8254380339674572,0.0,2.4142507886449067,0.0
651,27,3,1,1.5396973578257176,0.0,2.3126978926754637e-18,1.5396973578257176,0.10000000000000003,0.9656266638887034,0.9661017223997719,1.0,0.9795576931549166,21.083761526428674,0.03196508572766146,1,0.035627,NORMAL,0,0.1028359858612349,1.552765334467842,0.0,1.6071421174550158,0.0,1.8254380339674572,0.0
652,27,4,1,1.5338456435981616,0.0,2.3126978926754637e-18,1.5338456435981616,0.10000000000000003,0.9657613087741531,0.9735153006475727,1.0,0.9796376291674929,21.00188139134224,0.031715802966651774,1,0.035761,NORMAL,0,0.06843905082813379,1.5396973578257176,0.0,1.552765334467842,0.0,1.6071421174550158,0.0
653,27,5,1,1.7093659856520849,0.0,2.3126978926754637e-18,1.7093659856520849,0.10000000000000003,0.9617084401041202,0.968740721816868,1.0,0.977232011907583,23.46403071787919,0.03964416040210706,1,0.031708,NORMAL,0,0.08911870766160546,1.5338456435981616,0.0,1.5396973578257176,0.0,1.552765334467842,0.0
654,27,6,0,2.171889741149053,0.0614430715362018,2.3126978926754637e-18,2.110446669612851,0.10000000000000003,0.9537754175836431,0.95125118160449,1.0,0.9721252196697806,29.360762246937437,0.06072761212090739,1,0.023775,NORMAL,0,0.2183904341427064,1.7093659856520849,0.0,1.5338456435981616,0.0,1.5396973578257176,0.0
655,27,7,0,2.593290151941197,0.3223903616661325,2.3126978926754637e-18,2.2708997902750645,0.10000000000000003,0.9480449300233382,0.9508239379219122,1.0,0.9716854165899862,32.706176142845685,0.0729723509529189,1,0.018045,NORMAL,0,0.22279773752099422,2.171889741149053,0.0614430715362018,1.7093659856520849,0.0,1.5338456435981616,0.0
656,27,8,0,2.92650175013516,0.7002641046373465,2.3126978926754637e-18,2.2262376454978132,0.10000000000000003,0.9457465129352927,0.9430677772709741,1.0,0.9745485784123648,33.93251851788047,0.08732887505358518,1,0.015747,NORMAL,0,0.31344409535205253,2.593290151941197,0.3223903616661325,2.171889741149053,0.0614430715362018,1.7093659856520849,0.0
657,27,9,0,3.38180247893848,1.0119775581474837,2.3126978926754637e-18,2.3698249207909963,0.10000000000000003,0.9394648834305979,0.9414136648325869,1.0,0.9741188792459936,37.75717344135207,0.12218041136856214,1,0.009465,MODERATE,0,0.3351864034906657,2.92650175013516,0.7002641046373465,2.593290151941197,0.3223903616661325,2.171889741149053,0.0614430715362018
658,27,10,0,3.4297859086493263,1.3176500288067556,2.3126978926754637e-18,2.1121358798425707,0.10000000000000003,0.9422527418149379,0.9358777510008552,1.0114416556315113,0.9789368052992353,36.132721296714024,0.14076780762476637,1,0.012253,NORMAL,0,0.41273630049622756,3.38180247893848,1.0119775581474837,2.92650175013516,0.7002641046373465,2.593290151941197,0.3223903616661325
659,27,11,0,3.350594111711738,1.7999313529127516,2.3126978926754637e-18,1.5506627587989865,0.10000000000000003,0.9497405278522073,0.9487977747991219,1.0415978789061235,0.9880629824671451,32.12211235103174,0.18326834818660698,1,0.019741,NORMAL,0,0.244555047877769,3.4297859086493263,1.3176500288067556,3.38180247893848,1.0119775581474837,2.92650175013516,0.7002641046373465
660,27,12,0,3.419431050836505,1.880315317227988,2.3126978926754637e-18,1.539115733608517,0.10000000000000003,0.9490894100116687,0.9505181920730187,1.04471128136915,0.988426500116934,32.61885410073427,0.1965257519199585,1,0.019089,NORMAL,0,0.2259904405354083,3.350594111711738,1.7999313529127516,3.4297859086493263,1.3176500288067556,3.38180247893848,1.0119775581474837
661,27,13,0,3.391416310306851,1.489157424115106,2.3126978926754637e-18,1.9022588861917449,0.10000000000000003,0.9452125393730413,0.9481932577429171,1.0226398806227137,0.9824022906170455,34.459468694568066,0.15219169666808777,1,0.015213,NORMAL,0,0.2513179610851579,3.419431050836505,1.880315317227988,3.350594111711738,1.7999313529127516,3.4297859086493263,1.3176500288067556
662,27,14,0,3.3855981218764253,1.923972032732132,2.3126978926754637e-18,1.4616260891442934,0.10000000000000003,0.9503351775282044,0.9466156133762993,1.0478644282772556,0.9895654227004809,31.9656034789482,0.20079137641122166,1,0.020335,NORMAL,0,0.269544108634596,3.391416310306851,1.489157424115106,3.419431050836505,1.880315317227988,3.350594111711738,1.7999313529127516
663,27,15,0,3.3938607453472227,1.6020295212230808,2.3126978926754637e-18,1.7918312241241419,0.10000000000000003,0.9464913289320854,0.9481372106456569,1.0292609835816673,0.9842586784649147,33.798064707809196,0.16309545532747416,1,0.016491,NORMAL,0,0.2519512301147143,3.3855981218764253,1.923972032732132,3.391416310306851,1.489157424115106,3.419431050836505,1.880315317227988
664,27,16,0,3.450228381200964,0.9428230623685958,2.3126978926754637e-18,2.5074053188323684,0.10000000000000003,0.9369694412309472,0.9427544846672522,1.0,0.9718864376502199,39.29088948087349,0.12499201123695004,1,0.006969,MODERATE,0,0.31750338664937167,3.3938607453472227,1.6020295212230808,3.3855981218764253,1.923972032732132,3.391416310306851,1.489157424115106
665,27,17,0,3.484693784505272,0.3936097663650318,2.3126978926754637e-18,3.09108401814024,0.10000000000000003,0.9283846718180759,0.9206579201812538,1.0,0.9605288850726728,44.86561391444889,0.1381329019975174,1,-0.001615,HIGH,1,0.6365739576614993,3.450228381200964,0.9428230623685958,3.3938607453472227,1.6020295212230808,3.3855981218764253,1.923972032732132
666,27,18,0,3.594848503133257,0.0581865399983766,2.3126978926754637e-18,3.5366619631348803,0.10000000000000003,0.9204737712782044,0.920039984294403,1.0,0.9515889813236709,50.11813482786241,0.1809607622411747,1,-0.009526,HIGH,1,0.6451072480418989,3.484693784505272,0.3936097663650318,3.450228381200964,0.9428230623685958,3.3938607453472227,1.6020295212230808
667,27,19,0,3.633405200566746,0.0,2.3126978926754637e-18,3.633405200566746,0.10000000000000003,0.9151595838483599,0.9200683584996833,1.0,0.9496777024016415,51.36719973998194,0.19320548215746058,1,-0.01484,CRITICAL,1,0.6447173857750965,3.594848503133257,0.0581865399983766,3.484693784505272,0.3936097663650318,3.450228381200964,0.9428230623685958
668,27,20,1,3.517658781235664,0.0,2.3126978926754637e-18,3.517658781235664,0.10000000000000003,0.9180802618701068,0.9220090730467763,1.0,0.9514023868872916,49.63717673114728,0.18021606635896958,1,-0.01192,CRITICAL,1,0.617619318459512,3.633405200566746,0.0,3.594848503133257,0.0581865399983766,3.484693784505272,0.3936097663650318
669,27,21,1,3.337050078386986,0.0,2.3126978926754637e-18,3.337050078386986,0.10000000000000003,0.9226044156548082,0.9217311454927554,1.0,0.9540750733690705,46.951780598556915,0.16097607110607642,1,-0.007396,HIGH,1,0.6215497355951327,3.517658781235664,0.0,3.633405200566746,0.0,3.594848503133257,0.0581865399983766
670,27,22,1,3.047360528919196,0.0,2.3126978926754637e-18,3.047360528919196,0.10000000000000003,0.9297788363877888,0.9241188555326001,1.0,0.9583162349028154,42.67946119912314,0.13266543668915987,1,-0.000221,HIGH,1,0.5873130501595856,3.337050078386986,0.0,3.517658781235664,0.0,3.633405200566746,0.0
671,27,23,1,2.541010454531363,0.0,2.3126978926754637e-18,2.541010454531363,0.10000000000000003,0.9420871237192852,0.9399030591956401,1.0,0.9656001746146209,35.31091814287359,0.09040851513576167,1,0.012087,NORMAL,0,0.3556755300519541,3.047360528919196,0.0,3.337050078386986,0.0,3.517658781235664,0.0
672,28,0,1,1.954931382305816,0.0,2.3126978926754637e-18,1.954931382305816,0.10000000000000003,0.9559878762520154,0.9541427005854922,1.0,0.9738382577923519,26.93055820935961,0.05232837587610068,1,0.025988,NORMAL,0,0.19022296886093776,2.541010454531363,0.0,3.047360528919196,0.0,3.337050078386986,0.0
673,28,1,1,1.6193561492120505,0.0,2.3126978926754637e-18,1.6193561492120505,0.10000000000000003,0.963790512537722,0.973412193617903,1.0,0.9784677180412737,22.199796226038682,0.03546139567235311,1,0.033791,NORMAL,0,0.0688345216328743,1.954931382305816,0.0,2.541010454531363,0.0,3.047360528919196,0.0
674,28,2,1,1.5564864799694127,0.0,2.3126978926754637e-18,1.5564864799694127,0.10000000000000003,0.9652401744004663,0.9700128163114223,1.0,0.9793282481822716,21.318761811431376,0.032686027295474755,1,0.03524,NORMAL,0,0.08311407681733156,1.6193561492120505,0.0,1.954931382305816,0.0,2.541010454531363,0.0
675,28,3,1,1.5385552826680804,0.0,2.3126978926754637e-18,1.5385552826680804,0.10000000000000003,0.9656529449941804,0.9742369283116402,1.0,0.9795732956410076,21.06777992616888,0.031916352412672384,1,0.035653,NORMAL,0,0.06572965209777094,1.5564864799694127,0.0,1.6193561492120505,0.0,1.954931382305816,0.0
676,28,4,1,1.5606694584341376,0.0,2.3126978926754637e-18,1.5606694584341376,0.10000000000000003,0.9651438395471997,0.963243017424528,1.0,0.9792710590640383,21.377329811922284,0.03286697129620507,1,0.035144,NORMAL,0,0.11977305256898009,1.5385552826680804,0.0,1.5564864799694127,0.0,1.6193561492120505,0.0
677,28,5,1,1.7228621391393455,0.0,2.3126978926754637e-18,1.7228621391393455,0.10000000000000003,0.9613955769097641,0.9722829076571085,1.0,0.9770463514348235,23.653884043904643,0.04029271068547899,1,0.031396,NORMAL,0,0.07330644112775267,1.5606694584341376,0.0,1.5385552826680804,0.0,1.5564864799694127,0.0
678,28,6,0,2.230438666382548,0.0717997316982996,2.3126978926754637e-18,2.1586389346842485,0.10000000000000003,0.9526044007810553,0.9552049432835562,1.0,0.9715277069058362,30.08537146247435,0.06359386824761742,1,0.022604,NORMAL,0,0.18059868696212591,1.7228621391393455,0.0,1.5606694584341376,0.0,1.5385552826680804,0.0
679,28,7,0,2.658066304336857,0.2491397885569923,2.3126978926754637e-18,2.4089265157798647,0.10000000000000003,0.9454918610281566,0.9476406103107794,1.0,0.9692670959383882,34.36383352371076,0.08067040813905056,1,0.015492,NORMAL,0,0.2576083322437032,2.230438666382548,0.0717997316982996,1.7228621391393455,0.0,1.5606694584341376,0.0
680,28,8,0,2.913757437394032,0.6966362364511575,2.3126978926754637e-18,2.2171212009428745,0.10000000000000003,0.9459880024952003,0.9610876130251192,1.0,0.9746548773702834,33.78408045966836,0.08653256260768363,1,0.015988,NORMAL,0,0.13409150702807493,2.658066304336857,0.2491397885569923,2.230438666382548,0.0717997316982996,1.7228621391393455,0.0
681,28,9,0,3.36149433282169,1.3384511413355429,2.3126978926754637e-18,2.0230431914861473,0.10000000000000003,0.9440693213775548,0.9545355950885491,1.0141949718667618,0.9802285670806349,35.04504044047426,0.13830246526242204,1,0.014069,NORMAL,0,0.18661821429936992,2.913757437394032,0.6966362364511575,2.658066304336857,0.2491397885569923,2.230438666382548,0.0717997316982996
682,28,10,0,3.495754015115953,1.6698116963299106,2.3126978926754637e-18,1.8259423187860426,0.10000000000000003,0.9449676566006332,0.9458251891442635,1.0310583568934564,0.9840062258441962,34.77227950475671,0.17539307132101045,1,0.014968,NORMAL,0,0.2789831043270813,3.36149433282169,1.3384511413355429,2.913757437394032,0.6966362364511575,2.658066304336857,0.2491397885569923
683,28,11,0,3.465386920339719,1.9812864812389457,2.3126978926754637e-18,1.4841004391007735,0.10000000000000003,0.949169085562073,0.9251739922398383,1.0494059019836013,0.9894030717575611,32.73220199173264,0.21211868593397593,1,0.019169,NORMAL,1,0.5718885242319515,3.495754015115953,1.6698116963299106,3.36149433282169,1.3384511413355429,2.913757437394032,0.6966362364511575
684,28,12,0,3.540778493466582,1.908320408358336,2.3126978926754637e-18,1.6324580851082457,0.10000000000000003,0.9466593364009999,0.9548276346010574,1.0437574293151162,0.9872509643531953,34.07376690092719,0.20583446477111605,1,0.016659,NORMAL,0,0.18397305387714752,3.465386920339719,1.9812864812389457,3.495754015115953,1.6698116963299106,3.36149433282169,1.3384511413355429
685,28,13,0,3.438026859503408,1.987105570128356,2.3126978926754637e-18,1.4509212893750518,0.10000000000000003,0.9498490155248127,0.9467199952763791,1.0502955974795947,0.9898572900063858,32.350501975369774,0.2117222980487639,1,0.019849,NORMAL,0,0.26831278420844146,3.540778493466582,1.908320408358336,3.465386920339719,1.9812864812389457,3.495754015115953,1.6698116963299106
686,28,14,0,3.4072319505721884,1.6759275677906322,2.3126978926754637e-18,1.7313043827815562,0.10000000000000003,0.9470472479566371,0.9593974438394077,1.033286692984613,0.9852968291662814,33.547267018930306,0.171547289618333,1,0.017047,NORMAL,0,0.14630923078123315,3.438026859503408,1.987105570128356,3.540778493466582,1.908320408358336,3.465386920339719,1.9812864812389457
687,28,15,0,3.451220000438502,1.2382325911800285,2.3126978926754637e-18,2.2129874092584734,0.10000000000000003,0.9407711667069315,0.94355887131103,1.0060710831737427,0.9772481551990669,36.99880425947059,0.13699298538183638,1,0.010771,NORMAL,0,0.3071382997372622,3.4072319505721884,1.6759275677906322,3.438026859503408,1.987105570128356,3.540778493466582,1.908320408358336
688,28,16,0,3.4653725645172324,0.6451123933864554,2.3126978926754637e-18,2.820260171130777,0.10000000000000003,0.9325183930641275,0.9414061278330245,1.0,0.9659365863076967,42.13201601120163,0.1260310540904088,1,0.002518,MODERATE,0,0.33528718210659475,3.451220000438502,1.2382325911800285,3.4072319505721884,1.6759275677906322,3.438026859503408,1.987105570128356
689,28,17,0,3.517640194904008,0.4393396586261275,2.3126978926754637e-18,3.078300536277881,0.10000000000000003,0.928290299849861,0.9260247996337811,1.0,0.9610095867174011,44.88479412976718,0.13842082361693575,1,-0.00171,HIGH,1,0.559346927956872,3.4653725645172324,0.6451123933864554,3.451220000438502,1.2382325911800285,3.4072319505721884,1.6759275677906322
690,28,18,0,3.639729960351316,0.0754231075168863,2.3126978926754637e-18,3.5643068528344295,0.10000000000000003,0.9196721500212945,0.9244352804205386,1.0,0.9513150694748153,50.59093397100332,0.1837071926200668,1,-0.010328,CRITICAL,1,0.5827039120168608,3.517640194904008,0.4393396586261275,3.4653725645172324,0.6451123933864554,3.451220000438502,1.2382325911800285
691,28,19,0,3.647870667757318,0.0,2.3126978926754637e-18,3.647870667757318,0.10000000000000003,0.9147933831950815,0.9205792532626418,1.0,0.9494614987071766,51.58391363650456,0.19486555244226744,1,-0.015207,CRITICAL,1,0.6376652161288494,3.639729960351316,0.0754231075168863,3.517640194904008,0.4393396586261275,3.4653725645172324,0.6451123933864554
692,28,20,1,3.505939086757841,0.0,2.3126978926754637e-18,3.505939086757841,0.10000000000000003,0.9183750547971689,0.9244602379614317,1.0,0.9515764966119187,49.4624030095152,0.17892977261053256,1,-0.011625,CRITICAL,1,0.5823397463518891,3.647870667757318,0.0,3.639729960351316,0.0754231075168863,3.517640194904008,0.4393396586261275
693,28,21,1,3.3280959314463807,0.0,2.3126978926754637e-18,3.3280959314463807,0.10000000000000003,0.9228276747542659,0.9139435915343777,1.0,0.9542070013663292,46.819086084930355,0.16005436264475326,1,-0.007172,HIGH,1,0.7237989280188023,3.505939086757841,0.0,3.647870667757318,0.0,3.639729960351316,0.0754231075168863
694,28,22,1,2.9970987988929227,0.0,2.3126978926754637e-18,2.9970987988929227,0.10000000000000003,0.9310135683101803,0.9275678300635958,1.0,0.9590464912495599,41.94248807433698,0.12806591844072857,1,0.001014,MODERATE,1,0.5364179434093117,3.3280959314463807,0.0,3.505939086757841,0.0,3.647870667757318,0.0
695,28,23,1,2.4977210872500524,0.0,2.3126978926754637e-18,2.4977210872500524,0.10000000000000003,0.9431262360572741,0.9499301239399849,1.0,0.9662155628865013,34.68659977109548,0.0872073790542105,1,0.013126,NORMAL,0,0.23222188977408809,2.9970987988929227,0.0,3.3280959314463807,0.0,3.505939086757841,0.0
696,29,0,1,1.8991401396945689,0.0,2.3126978926754637e-18,1.8991401396945689,0.10000000000000003,0.9572927923382376,0.9567703932985294,1.0,0.9746122258549976,26.140715723266123,0.04928127576025958,1,0.027293,NORMAL,0,0.167113577691963,2.4977210872500524,0.0,2.9970987988929227,0.0,3.3280959314463807,0.0
697,29,1,1,1.5782275930574936,0.0,2.3126978926754637e-18,1.5782275930574936,0.10000000000000003,0.9647392902734614,0.9704520445931801,1.0,0.9790309049271293,21.623249103747725,0.03363225160583212,1,0.034739,NORMAL,0,0.0811277018845759,1.8991401396945689,0.0,2.4977210872500524,0.0,2.9970987988929227,0.0
698,29,2,1,1.5063936030102096,0.0,2.3126978926754637e-18,1.5063936030102096,0.10000000000000003,0.9663925324959128,0.9820965623745044,1.0,0.9800123891416096,20.6179468697478,0.030560092591015862,1,0.036393,NORMAL,0,0.04205573874413019,1.5782275930574936,0.0,1.8991401396945689,0.0,2.4977210872500524,0.0
699,29,3,1,1.4790602322392774,0.0,2.3126978926754637e-18,1.4790602322392774,0.10000000000000003,0.9670203195110135,0.9653227015815863,1.0,0.9803851330718601,20.235979679443627,0.029431840205781053,1,0.03702,NORMAL,0,0.10722912250553901,1.5063936030102096,0.0,1.5782275930574936,0.0,1.8991401396945689,0.0
700,29,4,1,1.4957756950835663,0.0,2.3126978926754637e-18,1.4957756950835663,0.10000000000000003,0.9666364861212454,0.9717564350904071,1.0,0.9801572319330005,20.46953166906402,0.03011915379021733,1,0.036636,NORMAL,0,0.07548145554076018,1.4790602322392774,0.0,1.5063936030102096,0.0,1.5782275930574936,0.0
701,29,5,1,1.6812932600436683,0.0,2.3126978926754637e-18,1.6812932600436683,0.10000000000000003,0.9623586466727249,0.9622081411289617,1.0,0.9776178794260156,23.069370846576206,0.0383130458969886,1,0.032359,NORMAL,0,0.1264754001271486,1.4957756950835663,0.0,1.4790602322392774,0.0,1.5063936030102096,0.0
702,29,6,0,2.118709508835325,0.1255202436699155,2.3126978926754637e-18,1.9931892651654095,0.10000000000000003,0.9559266920250475,0.9493700476713602,1.0,0.9742137698872342,27.939519410444053,0.05381660457019123,1,0.025927,NORMAL,0,0.23826724441928096,1.6812932600436683,0.0,1.4957756950835663,0.0,1.4790602322392774,0.0
703,29,7,0,2.5551234941003806,0.7111023554339134,2.3126978926754637e-18,1.8440211386664673,0.10000000000000003,0.9543015742898254,0.9419632223278647,1.0,0.9798444074284791,28.63077876332462,0.06693213266548768,1,0.024302,NORMAL,0,0.3278790895342386,2.118709508835325,0.1255202436699155,1.6812932600436683,0.0,1.4957756950835663,0.0
704,29,8,0,2.7407590941294107,1.518006648994386,2.3126978926754637e-18,1.2227524451350247,0.10000000000000003,0.96014216015507,0.9650808589149478,1.0380896501313575,0.9915675764456219,25.63968807420669,0.12685128495466458,1,0.030142,NORMAL,0,0.10862617119514549,2.5551234941003806,0.7111023554339134,2.118709508835325,0.1255202436699155,1.6812932600436683,0.0
705,29,9,0,3.345116265229082,1.9486771980672764,2.3126978926754637e-18,1.3964390671618054,0.10000000000000003,0.9515163300304526,0.9453206321837521,1.050081187858256,0.99048968350231,31.326576274832192,0.20243548886236803,1,0.021516,NORMAL,0,0.28511319654835027,2.7407590941294107,1.518006648994386,2.5551234941003806,0.7111023554339134,2.118709508835325,0.1255202436699155
706,29,10,0,3.435719536032065,2.4583004165084343,2.3126978926754637e-18,0.9774191195236308,0.10000000000000003,0.9548478548254699,0.9600686945866259,1.0756722313672733,0.9969658189892887,30.57754675571433,0.28764497554724155,1,0.024848,NORMAL,0,0.14135007635311228,3.345116265229082,1.9486771980672764,2.7407590941294107,1.518006648994386,2.5551234941003806,0.7111023554339134
707,29,11,0,3.4228148482231733,2.885965289504327,2.3126978926754637e-18,0.5368495587188464,0.10000000000000003,0.9592930168325026,0.9674968407981398,1.0976122999792373,1.0031343024533095,29.59117649751819,0.37279291536552617,1,0.029293,NORMAL,0,0.09536581652878183,3.435719536032065,2.4583004165084343,3.345116265229082,1.9486771980672764,2.7407590941294107,1.518006648994386
708,29,12,0,3.367293636717012,2.824235614754081,2.3126978926754637e-18,0.5430580219629313,0.10000000000000003,0.9599375400351512,0.9468505908465329,1.0956460552980183,1.0030078387241612,29.05788838147269,0.3580075773814779,1,0.029938,NORMAL,0,0.2667772602733432,3.4228148482231733,2.885965289504327,3.435719536032065,2.4583004165084343,3.345116265229082,1.9486771980672764
709,29,13,0,3.284139407821577,2.0507019162790607,2.3126978926754637e-18,1.2334374915425164,0.10000000000000003,0.9539882823822361,0.9439504590025695,1.0569719180976562,0.9928758831279542,30.10738319150073,0.21463211508953312,1,0.023988,NORMAL,0,0.3021611874697072,3.367293636717012,2.824235614754081,3.4228148482231733,2.885965289504327,3.435719536032065,2.4583004165084343
710,29,14,0,3.284247978809057,2.513858638721,2.3126978926754637e-18,0.770389340088057,0.10000000000000003,0.9587660695783969,0.950568649641988,1.081583129689558,0.9997373489896111,28.653749731098273,0.29313939110751486,1,0.028766,NORMAL,0,0.22546132134329186,3.284139407821577,2.0507019162790607,3.367293636717012,2.824235614754081,3.4228148482231733,2.885965289504327
711,29,15,0,3.300280696132984,1.9844554595474733,2.3126978926754637e-18,1.3158252365855108,0.10000000000000003,0.9529116953839594,0.9528459867929701,1.0529921433187917,0.9916402223948045,30.591387480570315,0.20562267895941883,1,0.022912,NORMAL,0,0.20249721271845772,3.284247978809057,2.513858638721,3.284139407821577,2.0507019162790607,3.367293636717012,2.824235614754081
712,29,16,0,3.333899277329104,0.9168326995032664,2.3126978926754637e-18,2.4170665778258376,0.10000000000000003,0.9393129071847954,0.932045398418419,1.0,0.9730160876810346,37.85559854459506,0.11640629609114275,1,0.009313,MODERATE,0,0.4693574733981835,3.300280696132984,1.9844554595474733,3.284247978809057,2.513858638721,3.284139407821577,2.0507019162790607
713,29,17,0,3.352583411960857,0.3294876706204646,2.3126978926754637e-18,3.0230957413403923,0.10000000000000003,0.9305387235541824,0.9370354238733817,1.0,0.9610807295561761,43.5911767476731,0.13040318031418308,1,0.000539,MODERATE,0,0.3960082648599946,3.333899277329104,0.9168326995032664,3.300280696132984,1.9844554595474733,3.284247978809057,2.513858638721
714,29,18,0,3.458261713939565,0.0560801484346091,2.3126978926754637e-18,3.402181565504956,0.10000000000000003,0.9237281347295294,0.9191772920798876,1.0,0.9535622431927543,48.10954214979857,0.16653912595531162,1,-0.006272,HIGH,1,0.6568667835411945,3.352583411960857,0.3294876706204646,3.333899277329104,0.9168326995032664,3.300280696132984,1.9844554595474733
715,29,19,0,3.3980819823404134,0.0,2.3126978926754637e-18,3.3980819823404134,0.10000000000000003,0.9210800750493182,0.9231362281084691,1.0,0.953174401113439,47.857336623957764,0.16733898411561235,1,-0.00892,HIGH,1,0.6015257136095025,3.458261713939565,0.0560801484346091,3.352583411960857,0.3294876706204646,3.333899277329104,0.9168326995032664
716,29,20,1,3.29705203668604,0.0,2.3126978926754637e-18,3.29705203668604,0.10000000000000003,0.9236009599298821,0.9234486447980236,1.0,0.9546639758844383,46.35935556550605,0.1568821092918197,1,-0.006399,HIGH,1,0.5970242418740428,3.3980819823404134,0.0,3.458261713939565,0.0560801484346091,3.352583411960857,0.3294876706204646
717,29,21,1,3.1862828708631072,0.0,2.3126978926754637e-18,3.1862828708631072,0.10000000000000003,0.9263507260979601,0.9129123955329935,1.0,0.9562892793058619,44.7229830710735,0.14585578414606057,1,-0.003649,HIGH,1,0.7359951914215964,3.29705203668604,0.0,3.3980819823404134,0.0,3.458261713939565,0.0560801484346091
718,29,22,1,2.8467849650034625,0.0,2.3126978926754637e-18,2.8467849650034625,0.10000000000000003,0.9346888726533044,0.9329201310087498,1.0,0.9612207664827098,39.74587646826977,0.11485009334760991,1,0.004689,MODERATE,0,0.4563097439357065,3.1862828708631072,0.0,3.29705203668604,0.0,3.3980819823404134,0.0
719,29,23,1,2.193242138496034,0.0,2.3126978926754637e-18,2.193242138496034,0.10000000000000003,0.9503785944593603,0.9545045792308052,1.0,0.97051251806027,30.319628442147735,0.06645926817480127,1,0.020379,NORMAL,0,0.186900856328794,2.8467849650034625,0.0,3.1862828708631072,0.0,3.29705203668604,0.0
